workbook,source_audio,source_path,duration_seconds,source_kind,suggested_page,question_range,mapping_score,mapping_status,mapping_evidence,requires_manual_review,proposed_output_name,production_action,source_sha256,notes
1,-p100.mp3,D:\彬的檔案\AlanEnglish 檔案\Workbook 1-5 最新MP3 (2026-09-28)\Workbook 1\-p100.mp3,90.0,page_labeled,100,,0.9352,page_candidate,source filename contains page; content review remains required before production,no,Workbook_1_P100.mp3,render_single_page_after_content_review,fbcbe5b2efc905cfdd566fe46cba3c125779e26cc43851d69552b3ebf2845881,
1,-p101.mp3,D:\彬的檔案\AlanEnglish 檔案\Workbook 1-5 最新MP3 (2026-09-28)\Workbook 1\-p101.mp3,204.0,page_labeled,101,,0.0000,page_candidate,source filename contains page; content review remains required before production,no,Workbook_1_P101.mp3,render_single_page_after_content_review,c554298222b750dc3579539392a381682034bf47416837655396e7ca02f9e47c,
1,-p102.mp3,D:\彬的檔案\AlanEnglish 檔案\Workbook 1-5 最新MP3 (2026-09-28)\Workbook 1\-p102.mp3,195.384,page_labeled,102,,0.0000,page_candidate,source filename contains page; content review remains required before production,no,Workbook_1_P102.mp3,render_single_page_after_content_review,971a97c9e368de61abc94f3d6aff557d7600dfac2976a65636f4376df47e8c00,
1,-p104.mp3,D:\彬的檔案\AlanEnglish 檔案\Workbook 1-5 最新MP3 (2026-09-28)\Workbook 1\-p104.mp3,249.048,page_labeled,104,,0.4164,page_candidate,source filename contains page; content review remains required before production,no,Workbook_1_P104.mp3,render_single_page_after_content_review,b210d85413921276278b2df05d3c991f103070ec5c73c8e8711e27a15ad20c99,
1,-p105.mp3,D:\彬的檔案\AlanEnglish 檔案\Workbook 1-5 最新MP3 (2026-09-28)\Workbook 1\-p105.mp3,310.536,page_labeled,105,,0.4943,page_candidate,source filename contains page; content review remains required before production,no,Workbook_1_P105.mp3,render_single_page_after_content_review,076155ff7ad36a06fe964225a692ed9c9012dc5f5868914618b9d88dff24c454,
1,-p106.mp3,D:\彬的檔案\AlanEnglish 檔案\Workbook 1-5 最新MP3 (2026-09-28)\Workbook 1\-p106.mp3,286.872,page_labeled,106,,0.8444,page_candidate,source filename contains page; content review remains required before production,no,Workbook_1_P106.mp3,render_single_page_after_content_review,c345e764af1b5288a72b97a92f5a01ae81e8961c18f27d633799fbe129244219,
1,-p108.mp3,D:\彬的檔案\AlanEnglish 檔案\Workbook 1-5 最新MP3 (2026-09-28)\Workbook 1\-p108.mp3,218.28,page_labeled,108,,0.8557,page_candidate,source filename contains page; content review remains required before production,no,Workbook_1_P108.mp3,render_single_page_after_content_review,cd773a7f6448dbac4219a3dfdc6518b31e0e844e2cc8ab53856a709f58c72e76,
1,-p109.mp3,D:\彬的檔案\AlanEnglish 檔案\Workbook 1-5 最新MP3 (2026-09-28)\Workbook 1\-p109.mp3,130.344,page_labeled,109,,0.9667,page_candidate,source filename contains page; content review remains required before production,no,Workbook_1_P109.mp3,render_single_page_after_content_review,03140fcf7e17ed0dca5a9ba4b31f4952ba03566dd5b54b42260a2cdf00df64dd,
1,-p11.mp3,D:\彬的檔案\AlanEnglish 檔案\Workbook 1-5 最新MP3 (2026-09-28)\Workbook 1\-p11.mp3,110.328,page_labeled,11,,0.0000,page_candidate,source filename contains page; content review remains required before production,no,Workbook_1_P11.mp3,render_single_page_after_content_review,4a806af0bd3b75a4124f5e87d165075d210d1eef97918054a627faf14ae21030,
1,-p111.mp3,D:\彬的檔案\AlanEnglish 檔案\Workbook 1-5 最新MP3 (2026-09-28)\Workbook 1\-p111.mp3,108.888,page_labeled,111,,0.8834,page_candidate,source filename contains page; content review remains required before production,no,Workbook_1_P111.mp3,render_single_page_after_content_review,678cc6fef385a32f4c1116b55c0e722db830e640c07a9617004f3d6e449a5821,
1,-p112.mp3,D:\彬的檔案\AlanEnglish 檔案\Workbook 1-5 最新MP3 (2026-09-28)\Workbook 1\-p112.mp3,131.952,page_labeled,112,,0.9353,page_candidate,source filename contains page; content review remains required before production,no,Workbook_1_P112.mp3,render_single_page_after_content_review,6cf86e26b0e78774a486b54e6064e6bf074d6095748f08ac29e3353682d0a801,
1,-p114.mp3,D:\彬的檔案\AlanEnglish 檔案\Workbook 1-5 最新MP3 (2026-09-28)\Workbook 1\-p114.mp3,126.84,page_labeled,114,,0.6538,page_candidate,source filename contains page; content review remains required before production,no,Workbook_1_P114.mp3,render_single_page_after_content_review,a5dc0b5f90b900f27b14be356bc2afc6f6cb6c2bd28753b1df2bc26522329d7d,
1,-p2.mp3,D:\彬的檔案\AlanEnglish 檔案\Workbook 1-5 最新MP3 (2026-09-28)\Workbook 1\-p2.mp3,171.096,page_labeled,2,,0.0000,page_candidate,source filename contains page; content review remains required before production,no,Workbook_1_P2.mp3,render_single_page_after_content_review,f2af8f46c14fd971b86ceada183f3d0bab4f86ccaf3fe8034900fad37fa5cb71,
1,-p21.mp3,D:\彬的檔案\AlanEnglish 檔案\Workbook 1-5 最新MP3 (2026-09-28)\Workbook 1\-p21.mp3,122.208,page_labeled,21,,0.0000,page_candidate,source filename contains page; content review remains required before production,no,Workbook_1_P21.mp3,render_single_page_after_content_review,0b29a96927e7e378aa86af3ee295136534bb9636819872dafbafa2cbe60bafa1,
1,-p22.mp3,D:\彬的檔案\AlanEnglish 檔案\Workbook 1-5 最新MP3 (2026-09-28)\Workbook 1\-p22.mp3,301.92,page_labeled,22,,0.4439,page_candidate,source filename contains page; content review remains required before production,no,Workbook_1_P22.mp3,render_single_page_after_content_review,070709c9778b1906cd507ea79a607b60d9f2202b777ac3f0c8a27fb44b8f73ba,
1,-p26.mp3,D:\彬的檔案\AlanEnglish 檔案\Workbook 1-5 最新MP3 (2026-09-28)\Workbook 1\-p26.mp3,50.856,page_labeled,26,,0.0000,page_candidate,source filename contains page; content review remains required before production,no,Workbook_1_P26.mp3,render_single_page_after_content_review,4e79afea1049897f63fa37d0d4a4b074075509b4b536ce98f2dc82094be6be9b,
1,-p27.mp3,D:\彬的檔案\AlanEnglish 檔案\Workbook 1-5 最新MP3 (2026-09-28)\Workbook 1\-p27.mp3,109.032,page_labeled,27,,0.9280,page_candidate,source filename contains page; content review remains required before production,no,Workbook_1_P27.mp3,render_single_page_after_content_review,775bb228b796355b0f72e6498b7232e45285cff435112675f39513c17bebf6fb,
1,-p28.mp3,D:\彬的檔案\AlanEnglish 檔案\Workbook 1-5 最新MP3 (2026-09-28)\Workbook 1\-p28.mp3,166.56,page_labeled,28,,0.7673,page_candidate,source filename contains page; content review remains required before production,no,Workbook_1_P28.mp3,render_single_page_after_content_review,1ce9ec32a3fe1d7f9f3e6d48a00349abc071219f553ccd587845cd0edea26dd8,
1,-p30.mp3,D:\彬的檔案\AlanEnglish 檔案\Workbook 1-5 最新MP3 (2026-09-28)\Workbook 1\-p30.mp3,98.736,page_labeled,30,,0.7522,page_candidate,source filename contains page; content review remains required before production,no,Workbook_1_P30.mp3,render_single_page_after_content_review,12d70a9aa530fcfa61faed37b464cefc4cbb9d5ff0a8a5a64605e94151afbcf7,
1,-p32.mp3,D:\彬的檔案\AlanEnglish 檔案\Workbook 1-5 最新MP3 (2026-09-28)\Workbook 1\-p32.mp3,126.36,page_labeled,32,,0.3273,page_candidate,source filename contains page; content review remains required before production,no,Workbook_1_P32.mp3,render_single_page_after_content_review,f80d9e8bf359e7ccb7b673842aa2996db9d096703faa8ed4fbea976b00fa982f,
1,-p35.mp3,D:\彬的檔案\AlanEnglish 檔案\Workbook 1-5 最新MP3 (2026-09-28)\Workbook 1\-p35.mp3,85.992,page_labeled,35,,0.7200,page_candidate,source filename contains page; content review remains required before production,no,Workbook_1_P35.mp3,render_single_page_after_content_review,65cafa8c86e671958cf7793ad99029329e0f08dee590567f91022ef3d65aa48e,
1,-p40.mp3,D:\彬的檔案\AlanEnglish 檔案\Workbook 1-5 最新MP3 (2026-09-28)\Workbook 1\-p40.mp3,132.888,page_labeled,40,,0.6975,page_candidate,source filename contains page; content review remains required before production,no,Workbook_1_P40.mp3,render_single_page_after_content_review,80f544549ce784fa118662b102328d7003ad8741c5b1be9a11da0cd024d1ad06,
1,-p42.mp3,D:\彬的檔案\AlanEnglish 檔案\Workbook 1-5 最新MP3 (2026-09-28)\Workbook 1\-p42.mp3,150.6,page_labeled,42,,0.3826,page_candidate,source filename contains page; content review remains required before production,no,Workbook_1_P42.mp3,render_single_page_after_content_review,f06313a2bb5f1113cf618ab6ff41b4b094fb676a7adf699b8a7d0629651118cb,
1,-p44.mp3,D:\彬的檔案\AlanEnglish 檔案\Workbook 1-5 最新MP3 (2026-09-28)\Workbook 1\-p44.mp3,218.616,page_labeled,44,,0.0000,page_candidate,source filename contains page; content review remains required before production,no,Workbook_1_P44.mp3,render_single_page_after_content_review,92528c71fbc53be8d8cb6d88565d4bb8434ed34eecc7ed7f0deeb276e41823b9,
1,-p47.mp3,D:\彬的檔案\AlanEnglish 檔案\Workbook 1-5 最新MP3 (2026-09-28)\Workbook 1\-p47.mp3,254.472,page_labeled,47,,0.2000,page_candidate,source filename contains page; content review remains required before production,no,Workbook_1_P47.mp3,render_single_page_after_content_review,82fdc91e91adc3ed2da71ce5cc16da808c9e95e76d28d5e75dcca32d868510c7,
1,-p48.mp3,D:\彬的檔案\AlanEnglish 檔案\Workbook 1-5 最新MP3 (2026-09-28)\Workbook 1\-p48.mp3,326.952,page_labeled,48,,0.4333,page_candidate,source filename contains page; content review remains required before production,no,Workbook_1_P48.mp3,render_single_page_after_content_review,22fa3723d8dafb67696f259d68a8e618e49d43c6827db79b05c06458948fb37b,
1,-p49.mp3,D:\彬的檔案\AlanEnglish 檔案\Workbook 1-5 最新MP3 (2026-09-28)\Workbook 1\-p49.mp3,111.432,page_labeled,49,,0.6900,page_candidate,source filename contains page; content review remains required before production,no,Workbook_1_P49.mp3,render_single_page_after_content_review,7bb160091f5e8271409b3906412546f6212d2876b213abd56b629221ef41ae98,
1,-p50.mp3,D:\彬的檔案\AlanEnglish 檔案\Workbook 1-5 最新MP3 (2026-09-28)\Workbook 1\-p50.mp3,317.784,page_labeled,50,,0.7040,page_candidate,source filename contains page; content review remains required before production,no,Workbook_1_P50.mp3,render_single_page_after_content_review,37a91b49c3e6821a1d62c7d734e1dd98da64aae674e8ccf505fce851e2b1b542,
1,-p60.mp3,D:\彬的檔案\AlanEnglish 檔案\Workbook 1-5 最新MP3 (2026-09-28)\Workbook 1\-p60.mp3,153.552,page_labeled,60,,0.5933,page_candidate,source filename contains page; content review remains required before production,no,Workbook_1_P60.mp3,render_single_page_after_content_review,946b706b58280403be59af3bd7b1eb601567426d15be75818b569911e1634f86,
1,-p70.mp3,D:\彬的檔案\AlanEnglish 檔案\Workbook 1-5 最新MP3 (2026-09-28)\Workbook 1\-p70.mp3,62.472,page_labeled,70,,0.1493,page_candidate,source filename contains page; content review remains required before production,no,Workbook_1_P70.mp3,render_single_page_after_content_review,1dd7cb5a7984f9f90c9f14e935c57b51eb887dfdb7a2550977cacd95b7444eac,
1,-p71.mp3,D:\彬的檔案\AlanEnglish 檔案\Workbook 1-5 最新MP3 (2026-09-28)\Workbook 1\-p71.mp3,129.696,page_labeled,71,,0.8910,page_candidate,source filename contains page; content review remains required before production,no,Workbook_1_P71.mp3,render_single_page_after_content_review,f9ce97ffc08bce589bb8159c5e7923b1c6197684254d8283f3475888742d2851,
1,-p73.mp3,D:\彬的檔案\AlanEnglish 檔案\Workbook 1-5 最新MP3 (2026-09-28)\Workbook 1\-p73.mp3,128.16,page_labeled,73,,0.8783,page_candidate,source filename contains page; content review remains required before production,no,Workbook_1_P73.mp3,render_single_page_after_content_review,59020c63e39dcb97b60df0dc01ec8bb0fbead5fc68378e4d283065239369fbc6,
1,-p75.mp3,D:\彬的檔案\AlanEnglish 檔案\Workbook 1-5 最新MP3 (2026-09-28)\Workbook 1\-p75.mp3,126.888,page_labeled,75,,0.8322,page_candidate,source filename contains page; content review remains required before production,no,Workbook_1_P75.mp3,render_single_page_after_content_review,9c59a67ca0396482a035bd0288e51b8c0c897a877dddf06d2ed59596461d0247,
1,-p78.mp3,D:\彬的檔案\AlanEnglish 檔案\Workbook 1-5 最新MP3 (2026-09-28)\Workbook 1\-p78.mp3,122.712,page_labeled,78,,0.7486,page_candidate,source filename contains page; content review remains required before production,no,Workbook_1_P78.mp3,render_single_page_after_content_review,15efad2ea006431ad101553730fc61983376f0e2b1816aab2fcd21cb5d8a1d4a,
1,-p79.mp3,D:\彬的檔案\AlanEnglish 檔案\Workbook 1-5 最新MP3 (2026-09-28)\Workbook 1\-p79.mp3,244.776,page_labeled,79,,0.0000,page_candidate,source filename contains page; content review remains required before production,no,Workbook_1_P79.mp3,render_single_page_after_content_review,18d7dc640c5bd0bab7f848f67782ac937164cc9474115a0416d929fba12a2b79,
1,-p80.mp3,D:\彬的檔案\AlanEnglish 檔案\Workbook 1-5 最新MP3 (2026-09-28)\Workbook 1\-p80.mp3,42.48,page_labeled,80,,0.1727,page_candidate,source filename contains page; content review remains required before production,no,Workbook_1_P80.mp3,render_single_page_after_content_review,5eafd6310944001a765533a6a4c43dc909738b0465e8daad886b911b71d0adcc,
1,-p82.mp3,D:\彬的檔案\AlanEnglish 檔案\Workbook 1-5 最新MP3 (2026-09-28)\Workbook 1\-p82.mp3,172.944,page_labeled,82,,0.0000,page_candidate,source filename contains page; content review remains required before production,no,Workbook_1_P82.mp3,render_single_page_after_content_review,2b0fbe8dbf2fb1ea3a55b9edc3f89965ddf82bc43b982ebefce7c1beba5b7599,
1,-p84.mp3,D:\彬的檔案\AlanEnglish 檔案\Workbook 1-5 最新MP3 (2026-09-28)\Workbook 1\-p84.mp3,240.264,page_labeled,84,,0.0000,page_candidate,source filename contains page; content review remains required before production,no,Workbook_1_P84.mp3,render_single_page_after_content_review,f62dfba1005f82093163e369aef4c4f13222adedc764a1c71454cd26750f932a,
1,-p90.mp3,D:\彬的檔案\AlanEnglish 檔案\Workbook 1-5 最新MP3 (2026-09-28)\Workbook 1\-p90.mp3,43.968,page_labeled,90,,0.1021,page_candidate,source filename contains page; content review remains required before production,no,Workbook_1_P90.mp3,render_single_page_after_content_review,02186ca8c65d6c5c87a55a65096f3b0c49d613e30170cbdec6859df705f8d5cd,
1,-p92.mp3,D:\彬的檔案\AlanEnglish 檔案\Workbook 1-5 最新MP3 (2026-09-28)\Workbook 1\-p92.mp3,148.632,page_labeled,92,,0.7048,page_candidate,source filename contains page; content review remains required before production,no,Workbook_1_P92.mp3,render_single_page_after_content_review,2c5cdacfbf4356af010602cd58bd5ec7603af4429f838c85b818bcbb531d9825,
1,-p94.mp3,D:\彬的檔案\AlanEnglish 檔案\Workbook 1-5 最新MP3 (2026-09-28)\Workbook 1\-p94.mp3,129.336,page_labeled,94,,0.6391,page_candidate,source filename contains page; content review remains required before production,no,Workbook_1_P94.mp3,render_single_page_after_content_review,cc31c30b466f9026508afb32f9f2b7bb90580743f0f42469a930c18f9c29375d,
1,-p96.mp3,D:\彬的檔案\AlanEnglish 檔案\Workbook 1-5 最新MP3 (2026-09-28)\Workbook 1\-p96.mp3,78.768,page_labeled,96,,0.7292,page_candidate,source filename contains page; content review remains required before production,no,Workbook_1_P96.mp3,render_single_page_after_content_review,1c8dd41e3518757bd5548eeddfc17e559c79605c8d7eedd777eaa9ecd3cef793,
1,-p99.mp3,D:\彬的檔案\AlanEnglish 檔案\Workbook 1-5 最新MP3 (2026-09-28)\Workbook 1\-p99.mp3,133.968,page_labeled,99,,0.0000,page_candidate,source filename contains page; content review remains required before production,no,Workbook_1_P99.mp3,render_single_page_after_content_review,b0e3c64c4cdb967c4d26e269c19ea7f56e39a8b432efa0c4faa78d0d524ad338,
1,workbook-1-spiral-review-before-page-16.mp3,D:\彬的檔案\AlanEnglish 檔案\Workbook 1-5 最新MP3 (2026-09-28)\Workbook 1\workbook-1-spiral-review-before-page-16.mp3,194.592,cross_page_or_unmapped_review,,before P16,0.0613,needs_manual_mapping,review/range source has no reliable single-page target,yes,,locate_page_boundaries_before_render,ad8b7bd187162d929be7a41a35778e17dc731057922fd7b6017249bce06dd6b8,
1,workbook-1-spiral-review-before-page-22.mp3,D:\彬的檔案\AlanEnglish 檔案\Workbook 1-5 最新MP3 (2026-09-28)\Workbook 1\workbook-1-spiral-review-before-page-22.mp3,275.088,cross_page_or_unmapped_review,,before P22,0.1181,needs_manual_mapping,review/range source has no reliable single-page target,yes,,locate_page_boundaries_before_render,7d648ce3a067830e4225722bbd0a168570413d0fa9f4c3ec87d76852a01b6e38,
1,workbook-1-spiral-review-page-22-to-24.mp3,D:\彬的檔案\AlanEnglish 檔案\Workbook 1-5 最新MP3 (2026-09-28)\Workbook 1\workbook-1-spiral-review-page-22-to-24.mp3,220.608,cross_page_or_unmapped_review,,P22-P24,0.1545,needs_manual_mapping,review/range source has no reliable single-page target,yes,,locate_page_boundaries_before_render,7fda3ac5e7e331771e45658204c047e6ea9e3fe280ba3ba76762e98f0571e97f,
1,workbook-1-spiral-review-page-28-to-30.mp3,D:\彬的檔案\AlanEnglish 檔案\Workbook 1-5 最新MP3 (2026-09-28)\Workbook 1\workbook-1-spiral-review-page-28-to-30.mp3,285.096,cross_page_or_unmapped_review,,P28-P30,0.3935,needs_manual_mapping,review/range source has no reliable single-page target,yes,,locate_page_boundaries_before_render,eb2653c469670069e5c505d535367e8beff565774c870038de450718a1f6315e,
1,workbook-1-spiral-review-page-32-to-35.mp3,D:\彬的檔案\AlanEnglish 檔案\Workbook 1-5 最新MP3 (2026-09-28)\Workbook 1\workbook-1-spiral-review-page-32-to-35.mp3,263.088,cross_page_or_unmapped_review,,P32-P35,0.2075,needs_manual_mapping,review/range source has no reliable single-page target,yes,,locate_page_boundaries_before_render,9613ed2f6b82ce1b983710516b720dd78d0d3457c7277af4c76213998fd06ba9,
1,workbook-1-spiral-review-page-38-to-48.mp3,D:\彬的檔案\AlanEnglish 檔案\Workbook 1-5 最新MP3 (2026-09-28)\Workbook 1\workbook-1-spiral-review-page-38-to-48.mp3,244.584,cross_page_or_unmapped_review,,P38-P48,0.2185,needs_manual_mapping,review/range source has no reliable single-page target,yes,,locate_page_boundaries_before_render,c5e67e21c4e935fce2ed4b71e4eabc62bd5225fffa3775bc96ecacc7e0bbddd1,
1,workbook-1-spiral-review-page-49-to-59.mp3,D:\彬的檔案\AlanEnglish 檔案\Workbook 1-5 最新MP3 (2026-09-28)\Workbook 1\workbook-1-spiral-review-page-49-to-59.mp3,448.104,cross_page_or_unmapped_review,,P49-P59,0.2775,needs_manual_mapping,review/range source has no reliable single-page target,yes,,locate_page_boundaries_before_render,1626f1f02daf2b9521ca363e0ea557272ad613aed55da46640728c90a6d9ebb0,
1,workbook-1-spiral-review-page-60-to-70.mp3,D:\彬的檔案\AlanEnglish 檔案\Workbook 1-5 最新MP3 (2026-09-28)\Workbook 1\workbook-1-spiral-review-page-60-to-70.mp3,371.592,cross_page_or_unmapped_review,,P60-P70,0.1808,needs_manual_mapping,review/range source has no reliable single-page target,yes,,locate_page_boundaries_before_render,c4cccfd0dbe7d3ba896c81fd1f7d5500c69310e0af03205a7ea80daf7c3d8355,
1,workbook-1-spiral-review-page-70-to-84.mp3,D:\彬的檔案\AlanEnglish 檔案\Workbook 1-5 最新MP3 (2026-09-28)\Workbook 1\workbook-1-spiral-review-page-70-to-84.mp3,277.608,cross_page_or_unmapped_review,,P70-P84,0.2697,needs_manual_mapping,review/range source has no reliable single-page target,yes,,locate_page_boundaries_before_render,6c62b94261506d82440c4c24fb3f42a765e24b21deab58635777d4d1326bd60d,
2,workbook-2-p10.mp3,D:\彬的檔案\AlanEnglish 檔案\Workbook 1-5 最新MP3 (2026-09-28)\Workbook 2\workbook-2-p10.mp3,90.12,page_labeled,10,,0.7556,page_candidate,source filename contains page; content review remains required before production,no,Workbook_2_P10.mp3,render_single_page_after_content_review,062b54a443ec03f6d99c3818a65fa5cb1605a8c3620e1ca6ef176e2ae150cf33,
2,workbook-2-p104.mp3,D:\彬的檔案\AlanEnglish 檔案\Workbook 1-5 最新MP3 (2026-09-28)\Workbook 2\workbook-2-p104.mp3,110.616,page_labeled,104,,0.7773,page_candidate,source filename contains page; content review remains required before production,no,Workbook_2_P104.mp3,render_single_page_after_content_review,af44542b913fd184c40525f414f9d6168b091f0d011689444d86ab8a560d4c17,
2,workbook-2-p106.mp3,D:\彬的檔案\AlanEnglish 檔案\Workbook 1-5 最新MP3 (2026-09-28)\Workbook 2\workbook-2-p106.mp3,162.6,page_labeled,106,,0.7483,page_candidate,source filename contains page; content review remains required before production,no,Workbook_2_P106.mp3,render_single_page_after_content_review,7426c92c157c0d202cac2a332a88c7c8d223bfb4d7dd74ab82b3026cfeb5a6bc,
2,workbook-2-p108.mp3,D:\彬的檔案\AlanEnglish 檔案\Workbook 1-5 最新MP3 (2026-09-28)\Workbook 2\workbook-2-p108.mp3,170.112,page_labeled,108,,0.6752,page_candidate,source filename contains page; content review remains required before production,no,Workbook_2_P108.mp3,render_single_page_after_content_review,252196278a7a52e081758bf0b272724c84b68ef9b3ff9d0bc82d1d93386ba6b3,
2,workbook-2-p110.mp3,D:\彬的檔案\AlanEnglish 檔案\Workbook 1-5 最新MP3 (2026-09-28)\Workbook 2\workbook-2-p110.mp3,158.088,page_labeled,110,,0.6839,page_candidate,source filename contains page; content review remains required before production,no,Workbook_2_P110.mp3,render_single_page_after_content_review,0b2c4b7ecc08648414fc0e5ab5f22a82984555526121982c9d1c5a339431ceb6,
2,workbook-2-p12-read-aloud.mp3,D:\彬的檔案\AlanEnglish 檔案\Workbook 1-5 最新MP3 (2026-09-28)\Workbook 2\workbook-2-p12-read-aloud.mp3,172.608,page_labeled,12,,0.0000,page_candidate,source filename contains page; content review remains required before production,no,Workbook_2_P12.mp3,render_single_page_after_content_review,4c397d246b6c812ffb35581fd07e7eeff55d9e0be084cad4d0337558ab23719b,
2,workbook-2-p14.mp3,D:\彬的檔案\AlanEnglish 檔案\Workbook 1-5 最新MP3 (2026-09-28)\Workbook 2\workbook-2-p14.mp3,83.112,page_labeled,14,,0.5926,page_candidate,source filename contains page; content review remains required before production,no,Workbook_2_P14.mp3,render_single_page_after_content_review,11c1d74ddd0189d9889eafe333a21e9accd36646744264e912f4f34c8bef6369,
2,workbook-2-p16.mp3,D:\彬的檔案\AlanEnglish 檔案\Workbook 1-5 最新MP3 (2026-09-28)\Workbook 2\workbook-2-p16.mp3,87.12,page_labeled,16,,0.6508,page_candidate,source filename contains page; content review remains required before production,no,Workbook_2_P16.mp3,render_single_page_after_content_review,60e465e0d1d476302f3123304c11e8ee2efbf5615a979f849c8fbb3753311061,
2,workbook-2-p18.mp3,D:\彬的檔案\AlanEnglish 檔案\Workbook 1-5 最新MP3 (2026-09-28)\Workbook 2\workbook-2-p18.mp3,90.6,page_labeled,18,,0.6486,page_candidate,source filename contains page; content review remains required before production,no,Workbook_2_P18.mp3,render_single_page_after_content_review,c2bc6a9227768b89c70b7b653172095c5069843b457459619242b2f7cdc7b745,
2,workbook-2-p22-read-aloud.mp3,D:\彬的檔案\AlanEnglish 檔案\Workbook 1-5 最新MP3 (2026-09-28)\Workbook 2\workbook-2-p22-read-aloud.mp3,171.6,page_labeled,22,,0.6496,page_candidate,source filename contains page; content review remains required before production,no,Workbook_2_P22.mp3,render_single_page_after_content_review,a662171f28e5fe151da6d2f79df1bbab635d943065eab41bfc76484dc24d9585,
2,workbook-2-p26.mp3,D:\彬的檔案\AlanEnglish 檔案\Workbook 1-5 最新MP3 (2026-09-28)\Workbook 2\workbook-2-p26.mp3,146.592,page_labeled,26,,0.8426,page_candidate,source filename contains page; content review remains required before production,no,Workbook_2_P26.mp3,render_single_page_after_content_review,2b49a7a25c7141fe5a073b1e735f051213732fb6e0079a7f5a85a7643afb03e7,
2,workbook-2-p28.mp3,D:\彬的檔案\AlanEnglish 檔案\Workbook 1-5 最新MP3 (2026-09-28)\Workbook 2\workbook-2-p28.mp3,147.096,page_labeled,28,,0.8622,page_candidate,source filename contains page; content review remains required before production,no,Workbook_2_P28.mp3,render_single_page_after_content_review,a67eaa0d817f67f10616ee96aa40076476cc4dde2c33b49159a0194f852ddf95,
2,workbook-2-p30.mp3,D:\彬的檔案\AlanEnglish 檔案\Workbook 1-5 最新MP3 (2026-09-28)\Workbook 2\workbook-2-p30.mp3,216.072,page_labeled,30,,0.4824,page_candidate,source filename contains page; content review remains required before production,no,Workbook_2_P30.mp3,render_single_page_after_content_review,bb7fed99cacb929dad2720b9c69e2691d7d78bc460aa99d30ff0e76b14301d57,
2,workbook-2-p32-read-aloud.mp3,D:\彬的檔案\AlanEnglish 檔案\Workbook 1-5 最新MP3 (2026-09-28)\Workbook 2\workbook-2-p32-read-aloud.mp3,221.592,page_labeled,32,,0.5803,page_candidate,source filename contains page; content review remains required before production,no,Workbook_2_P32.mp3,render_single_page_after_content_review,6d80216f6ed58761dc2c24f556d783a21104a701e952f2cbf2da65f039f5ccff,
2,workbook-2-p34.mp3,D:\彬的檔案\AlanEnglish 檔案\Workbook 1-5 最新MP3 (2026-09-28)\Workbook 2\workbook-2-p34.mp3,103.608,page_labeled,34,,0.7347,page_candidate,source filename contains page; content review remains required before production,no,Workbook_2_P34.mp3,render_single_page_after_content_review,6f8ac7eee7625829951a40e8401ec5b4e0c6b6e1b5f687f90720774e451ef63d,
2,workbook-2-p36.mp3,D:\彬的檔案\AlanEnglish 檔案\Workbook 1-5 最新MP3 (2026-09-28)\Workbook 2\workbook-2-p36.mp3,90.624,page_labeled,36,,0.8889,page_candidate,source filename contains page; content review remains required before production,no,Workbook_2_P36.mp3,render_single_page_after_content_review,c47faadbd4ad20c4385bcf6beeac4eca1a0a2c228575fce4932e6c955af618d4,
2,workbook-2-p38.mp3,D:\彬的檔案\AlanEnglish 檔案\Workbook 1-5 最新MP3 (2026-09-28)\Workbook 2\workbook-2-p38.mp3,94.104,page_labeled,38,,0.6970,page_candidate,source filename contains page; content review remains required before production,no,Workbook_2_P38.mp3,render_single_page_after_content_review,c4b15fa2bda6994e62a65e6aa2d7fc9f9886cc262885f73259b1c16ffb287eed,
2,workbook-2-p4.mp3,D:\彬的檔案\AlanEnglish 檔案\Workbook 1-5 最新MP3 (2026-09-28)\Workbook 2\workbook-2-p4.mp3,85.608,page_labeled,4,,0.8358,page_candidate,source filename contains page; content review remains required before production,no,Workbook_2_P4.mp3,render_single_page_after_content_review,50709875a32dd5d9edcd97e4647060e8a884fd76dbdf5887e817bf533e6a330b,
2,workbook-2-p40.mp3,D:\彬的檔案\AlanEnglish 檔案\Workbook 1-5 最新MP3 (2026-09-28)\Workbook 2\workbook-2-p40.mp3,91.608,page_labeled,40,,0.7901,page_candidate,source filename contains page; content review remains required before production,no,Workbook_2_P40.mp3,render_single_page_after_content_review,06492ef4821d4d6705fac5ecaad40242ff5f79deea649abd323d3a583edabc69,
2,workbook-2-p43.mp3,D:\彬的檔案\AlanEnglish 檔案\Workbook 1-5 最新MP3 (2026-09-28)\Workbook 2\workbook-2-p43.mp3,146.136,page_labeled,43,,0.7489,page_candidate,source filename contains page; content review remains required before production,no,Workbook_2_P43.mp3,render_single_page_after_content_review,07a8fb803646e6037ca220228f76400841bef9507bc9d51b61be9e377eca20c5,
2,workbook-2-p44-read-aloud.mp3,D:\彬的檔案\AlanEnglish 檔案\Workbook 1-5 最新MP3 (2026-09-28)\Workbook 2\workbook-2-p44-read-aloud.mp3,236.592,page_labeled,44,,0.7500,page_candidate,source filename contains page; content review remains required before production,no,Workbook_2_P44.mp3,render_single_page_after_content_review,3efe642899c32422672ea74baa3578dd69e849e9a00427e5dc80f97e429f910b,
2,workbook-2-p46.mp3,D:\彬的檔案\AlanEnglish 檔案\Workbook 1-5 最新MP3 (2026-09-28)\Workbook 2\workbook-2-p46.mp3,98.136,page_labeled,46,,0.7791,page_candidate,source filename contains page; content review remains required before production,no,Workbook_2_P46.mp3,render_single_page_after_content_review,a2be7710f849956525de0728a36a556414c73569b0dfce6b059a93db8be3af89,
2,workbook-2-p48.mp3,D:\彬的檔案\AlanEnglish 檔案\Workbook 1-5 最新MP3 (2026-09-28)\Workbook 2\workbook-2-p48.mp3,105.12,page_labeled,48,,0.7517,page_candidate,source filename contains page; content review remains required before production,no,Workbook_2_P48.mp3,render_single_page_after_content_review,79cdc2e0ae0305c91c50c4d8863a2507c7ae46d7b35192293b0a64ddc9c1ffed,
2,workbook-2-p50.mp3,D:\彬的檔案\AlanEnglish 檔案\Workbook 1-5 最新MP3 (2026-09-28)\Workbook 2\workbook-2-p50.mp3,116.112,page_labeled,50,,0.8089,page_candidate,source filename contains page; content review remains required before production,no,Workbook_2_P50.mp3,render_single_page_after_content_review,432c8d81507fd8ec774ee95b78f113e46af0dca5bf9d3593f38d02f5e3190ed8,
2,workbook-2-p52.mp3,D:\彬的檔案\AlanEnglish 檔案\Workbook 1-5 最新MP3 (2026-09-28)\Workbook 2\workbook-2-p52.mp3,136.584,page_labeled,52,,0.7475,page_candidate,source filename contains page; content review remains required before production,no,Workbook_2_P52.mp3,render_single_page_after_content_review,b3ea58acb0d22efb2655c2823061de497be349bac24ffef6b799a7fecdea96a8,
2,workbook-2-p53.mp3,D:\彬的檔案\AlanEnglish 檔案\Workbook 1-5 最新MP3 (2026-09-28)\Workbook 2\workbook-2-p53.mp3,212.112,page_labeled,53,,0.8012,page_candidate,source filename contains page; content review remains required before production,no,Workbook_2_P53.mp3,render_single_page_after_content_review,1301b4e48da1afa9c488148cfaf3e204fa936b3051346153e6d47165dd6a0787,
2,workbook-2-p54-read-aloud.mp3,D:\彬的檔案\AlanEnglish 檔案\Workbook 1-5 最新MP3 (2026-09-28)\Workbook 2\workbook-2-p54-read-aloud.mp3,171.12,page_labeled,54,,0.7843,page_candidate,source filename contains page; content review remains required before production,no,Workbook_2_P54.mp3,render_single_page_after_content_review,1716fc574825c925c4be5f763f28a8786e91bf1f10de253a780ee3113fd88583,
2,workbook-2-p56.mp3,D:\彬的檔案\AlanEnglish 檔案\Workbook 1-5 最新MP3 (2026-09-28)\Workbook 2\workbook-2-p56.mp3,114.624,page_labeled,56,,0.6806,page_candidate,source filename contains page; content review remains required before production,no,Workbook_2_P56.mp3,render_single_page_after_content_review,220b2dc3a93f5f429d0b2ec766bbd75782e24f8fb0a1fd53597153a8925d6fd7,
2,workbook-2-p58.mp3,D:\彬的檔案\AlanEnglish 檔案\Workbook 1-5 最新MP3 (2026-09-28)\Workbook 2\workbook-2-p58.mp3,117.624,page_labeled,58,,0.7500,page_candidate,source filename contains page; content review remains required before production,no,Workbook_2_P58.mp3,render_single_page_after_content_review,5e4041e34ba029e6699483a844437360d8577ea20cd9df12ca12cd5874c0749b,
2,workbook-2-p6.mp3,D:\彬的檔案\AlanEnglish 檔案\Workbook 1-5 最新MP3 (2026-09-28)\Workbook 2\workbook-2-p6.mp3,91.608,page_labeled,6,,0.7647,page_candidate,source filename contains page; content review remains required before production,no,Workbook_2_P6.mp3,render_single_page_after_content_review,e24fba05f83542106445a09d13934dccdb9bb79b87095d8cbed33a913608a6e0,
2,workbook-2-p60.mp3,D:\彬的檔案\AlanEnglish 檔案\Workbook 1-5 最新MP3 (2026-09-28)\Workbook 2\workbook-2-p60.mp3,78.096,page_labeled,60,,0.5694,page_candidate,source filename contains page; content review remains required before production,no,Workbook_2_P60.mp3,render_single_page_after_content_review,1fe1697528bf5bb07e2255a6846bc90409bead40d24b95a450f5819ec2574f84,
2,workbook-2-p62.mp3,D:\彬的檔案\AlanEnglish 檔案\Workbook 1-5 最新MP3 (2026-09-28)\Workbook 2\workbook-2-p62.mp3,86.064,page_labeled,62,,0.6364,page_candidate,source filename contains page; content review remains required before production,no,Workbook_2_P62.mp3,render_single_page_after_content_review,bc58c4a8037894edd1a0fea673b62b1017c79af580e292852985ecc22294a666,
2,workbook-2-p64.mp3,D:\彬的檔案\AlanEnglish 檔案\Workbook 1-5 最新MP3 (2026-09-28)\Workbook 2\workbook-2-p64.mp3,126.072,page_labeled,64,,0.7322,page_candidate,source filename contains page; content review remains required before production,no,Workbook_2_P64.mp3,render_single_page_after_content_review,7fdd97fbbb03791d5616d16a08b92903219201d4d417e95eeb4c206222ab709c,
2,workbook-2-p65.mp3,D:\彬的檔案\AlanEnglish 檔案\Workbook 1-5 最新MP3 (2026-09-28)\Workbook 2\workbook-2-p65.mp3,152.088,page_labeled,65,,0.7208,page_candidate,source filename contains page; content review remains required before production,no,Workbook_2_P65.mp3,render_single_page_after_content_review,d7dd304bd6691728bae62f0481e963d88d7de511e42fdf4f1671927c680b993b,
2,workbook-2-p70.mp3,D:\彬的檔案\AlanEnglish 檔案\Workbook 1-5 最新MP3 (2026-09-28)\Workbook 2\workbook-2-p70.mp3,97.608,page_labeled,70,,0.7852,page_candidate,source filename contains page; content review remains required before production,no,Workbook_2_P70.mp3,render_single_page_after_content_review,75643fdc404b8bb4e0630bd778210367d6a83befa27f7382fb8646930c9fd707,
2,workbook-2-p72.mp3,D:\彬的檔案\AlanEnglish 檔案\Workbook 1-5 最新MP3 (2026-09-28)\Workbook 2\workbook-2-p72.mp3,114.624,page_labeled,72,,0.8079,page_candidate,source filename contains page; content review remains required before production,no,Workbook_2_P72.mp3,render_single_page_after_content_review,a602ab15d9cefaabb508c9b0061eefabcebbabe9a17289daeea4b8eb90185b2f,
2,workbook-2-p76.mp3,D:\彬的檔案\AlanEnglish 檔案\Workbook 1-5 最新MP3 (2026-09-28)\Workbook 2\workbook-2-p76.mp3,110.088,page_labeled,76,,0.7373,page_candidate,source filename contains page; content review remains required before production,no,Workbook_2_P76.mp3,render_single_page_after_content_review,0948d575c096ee4cb9b0043d40ead399101ffc977566527d5468129f1a688912,
2,workbook-2-p78.mp3,D:\彬的檔案\AlanEnglish 檔案\Workbook 1-5 最新MP3 (2026-09-28)\Workbook 2\workbook-2-p78.mp3,103.632,page_labeled,78,,0.7239,page_candidate,source filename contains page; content review remains required before production,no,Workbook_2_P78.mp3,render_single_page_after_content_review,793e59392370f6bc3c906b741028a9f57d626ab4f39a3979815fd11fa82c1215,
2,workbook-2-p8.mp3,D:\彬的檔案\AlanEnglish 檔案\Workbook 1-5 最新MP3 (2026-09-28)\Workbook 2\workbook-2-p8.mp3,89.592,page_labeled,8,,0.7257,page_candidate,source filename contains page; content review remains required before production,no,Workbook_2_P8.mp3,render_single_page_after_content_review,896595bf4e02a70a5ce7699c61fa76cc43b2e3fdeecd31559a73a2abce52ec6a,
2,workbook-2-p80.mp3,D:\彬的檔案\AlanEnglish 檔案\Workbook 1-5 最新MP3 (2026-09-28)\Workbook 2\workbook-2-p80.mp3,107.592,page_labeled,80,,0.4286,page_candidate,source filename contains page; content review remains required before production,no,Workbook_2_P80.mp3,render_single_page_after_content_review,4ea76f9d79f24972a8c92fc15cfe86846f799f49cffdf6119ce25637baade61a,
2,workbook-2-p82.mp3,D:\彬的檔案\AlanEnglish 檔案\Workbook 1-5 最新MP3 (2026-09-28)\Workbook 2\workbook-2-p82.mp3,98.112,page_labeled,82,,0.7552,page_candidate,source filename contains page; content review remains required before production,no,Workbook_2_P82.mp3,render_single_page_after_content_review,e87048a47f67676081e8fd4a0583d2aa70349f1916e1d2bdb035df43a1c74889,
2,workbook-2-p84.mp3,D:\彬的檔案\AlanEnglish 檔案\Workbook 1-5 最新MP3 (2026-09-28)\Workbook 2\workbook-2-p84.mp3,90.096,page_labeled,84,,0.8231,page_candidate,source filename contains page; content review remains required before production,no,Workbook_2_P84.mp3,render_single_page_after_content_review,ff756c986f5c89fa5a2a92443f8790033f567e17c1d8a9a083e96dadd91510d1,
2,workbook-2-p86.mp3,D:\彬的檔案\AlanEnglish 檔案\Workbook 1-5 最新MP3 (2026-09-28)\Workbook 2\workbook-2-p86.mp3,77.112,page_labeled,86,,0.7429,page_candidate,source filename contains page; content review remains required before production,no,Workbook_2_P86.mp3,render_single_page_after_content_review,eb694b9a3ea0831554aaf3324524aa2457ac28e9a2ddc08c22f941e8d716a391,
2,workbook-2-p92.mp3,D:\彬的檔案\AlanEnglish 檔案\Workbook 1-5 最新MP3 (2026-09-28)\Workbook 2\workbook-2-p92.mp3,146.112,page_labeled,92,,0.7093,page_candidate,source filename contains page; content review remains required before production,no,Workbook_2_P92.mp3,render_single_page_after_content_review,bb73751046f25b45bfb7a79c826f9c767107c6ca7e2a872696005a05de5b68dc,
2,workbook-2-p93.mp3,D:\彬的檔案\AlanEnglish 檔案\Workbook 1-5 最新MP3 (2026-09-28)\Workbook 2\workbook-2-p93.mp3,139.104,page_labeled,93,,0.6923,page_candidate,source filename contains page; content review remains required before production,no,Workbook_2_P93.mp3,render_single_page_after_content_review,e2fe8ded0c3999e1fce605330d849f0dacc453e1c172437f86eb86cda2130633,
2,workbook-2-p94.mp3,D:\彬的檔案\AlanEnglish 檔案\Workbook 1-5 最新MP3 (2026-09-28)\Workbook 2\workbook-2-p94.mp3,79.632,page_labeled,94,,0.7512,page_candidate,source filename contains page; content review remains required before production,no,Workbook_2_P94.mp3,render_single_page_after_content_review,eaefeea502437ec20decd6dc620c89e77c8076ca21e1e0c089c9b8500f0af10e,
2,workbook-2-p96.mp3,D:\彬的檔案\AlanEnglish 檔案\Workbook 1-5 最新MP3 (2026-09-28)\Workbook 2\workbook-2-p96.mp3,98.136,page_labeled,96,,0.7431,page_candidate,source filename contains page; content review remains required before production,no,Workbook_2_P96.mp3,render_single_page_after_content_review,396d25cc9b9b7f192c0bdd79e370fb454c7e97593fa860e51d7a6bb10d7de9fa,
2,workbook-2-p98.mp3,D:\彬的檔案\AlanEnglish 檔案\Workbook 1-5 最新MP3 (2026-09-28)\Workbook 2\workbook-2-p98.mp3,97.608,page_labeled,98,,0.7000,page_candidate,source filename contains page; content review remains required before production,no,Workbook_2_P98.mp3,render_single_page_after_content_review,66ced59ad1d7db86776b248ec5cd6a89c75e48f8ba86c590bf8eb9f5aa4fa861,
2,workbook-2-review-1-before-p10.mp3,D:\彬的檔案\AlanEnglish 檔案\Workbook 1-5 最新MP3 (2026-09-28)\Workbook 2\workbook-2-review-1-before-p10.mp3,363.096,cross_page_or_unmapped_review,,before P10,0.3002,needs_manual_mapping,review/range source has no reliable single-page target,yes,,locate_page_boundaries_before_render,b460fb8893794862b9b57b862b51dc0341ecdf72a127d8de26d28019563fb437,
2,workbook-2-review-2-before-p30.mp3,D:\彬的檔案\AlanEnglish 檔案\Workbook 1-5 最新MP3 (2026-09-28)\Workbook 2\workbook-2-review-2-before-p30.mp3,300.6,cross_page_or_unmapped_review,,before P30,0.2494,needs_manual_mapping,review/range source has no reliable single-page target,yes,,locate_page_boundaries_before_render,97f16bb0084249cbff7b47cca57e7b293b08e14734cbfbe5477ece44b5be8217,
2,workbook-2-review-3-before-p40.mp3,D:\彬的檔案\AlanEnglish 檔案\Workbook 1-5 最新MP3 (2026-09-28)\Workbook 2\workbook-2-review-3-before-p40.mp3,326.616,cross_page_or_unmapped_review,,before P40,0.2534,needs_manual_mapping,review/range source has no reliable single-page target,yes,,locate_page_boundaries_before_render,3b977ea0dd269fbee45c7dbab7678cb566d2af653296f359a187149c025f8a09,
2,workbook-2-review-4-p40-to-p60.mp3,D:\彬的檔案\AlanEnglish 檔案\Workbook 1-5 最新MP3 (2026-09-28)\Workbook 2\workbook-2-review-4-p40-to-p60.mp3,318.6,cross_page_or_unmapped_review,,P40-P60,0.3578,needs_manual_mapping,review/range source has no reliable single-page target,yes,,locate_page_boundaries_before_render,31c7d7a59bb56eb73d76a9f752efb11996b95202dce73415d2a94f03a0196dd1,
2,workbook-2-review-5-p62-to-p80.mp3,D:\彬的檔案\AlanEnglish 檔案\Workbook 1-5 最新MP3 (2026-09-28)\Workbook 2\workbook-2-review-5-p62-to-p80.mp3,306.096,cross_page_or_unmapped_review,,P62-P80,0.2639,needs_manual_mapping,review/range source has no reliable single-page target,yes,,locate_page_boundaries_before_render,895ad2b1ea99a736a6946d245df675c7e51c4a5eb8e338a9f8a46ea7e3ae3d7e,
2,workbook-2-review-6-p82-to-p100.mp3,D:\彬的檔案\AlanEnglish 檔案\Workbook 1-5 最新MP3 (2026-09-28)\Workbook 2\workbook-2-review-6-p82-to-p100.mp3,461.592,cross_page_or_unmapped_review,,P82-P100,0.2435,needs_manual_mapping,review/range source has no reliable single-page target,yes,,locate_page_boundaries_before_render,e56ae0a0d3e08eaf3335745606a7c76555345eddc85e0ffea05a87d1a826a3aa,
2,workbook-2-review-7-p102-to-p115.mp3,D:\彬的檔案\AlanEnglish 檔案\Workbook 1-5 最新MP3 (2026-09-28)\Workbook 2\workbook-2-review-7-p102-to-p115.mp3,457.584,cross_page_or_unmapped_review,,P102-P115,0.2392,needs_manual_mapping,review/range source has no reliable single-page target,yes,,locate_page_boundaries_before_render,e9dc0180953431beebf8344892794533cc0bc7bf83bce0714175f24b9ecb5701,
3,p100-232-238.mp3,D:\彬的檔案\AlanEnglish 檔案\Workbook 1-5 最新MP3 (2026-09-28)\Workbook 3\p100-232-238.mp3,94.896,page_labeled,100,,0.7619,page_candidate,source filename contains page; content review remains required before production,no,Workbook_3_P100.mp3,render_single_page_after_content_review,10dd53408119199dfbd3918cd3b2f640c4fad0968432406660e1c35d18224263,
3,p101-239-245.mp3,D:\彬的檔案\AlanEnglish 檔案\Workbook 1-5 最新MP3 (2026-09-28)\Workbook 3\p101-239-245.mp3,122.088,page_labeled,101,,0.6719,page_candidate,source filename contains page; content review remains required before production,no,Workbook_3_P101.mp3,render_single_page_after_content_review,f7e84980e427f0303c7b9f38326c81a899e97960e5da74065e49fe8d7f3942ab,
3,p11-22-28.mp3,D:\彬的檔案\AlanEnglish 檔案\Workbook 1-5 最新MP3 (2026-09-28)\Workbook 3\p11-22-28.mp3,225.048,page_labeled,11,,0.4811,page_candidate,source filename contains page; content review remains required before production,no,Workbook_3_P11.mp3,render_single_page_after_content_review,4bec93463f3f4f08b6f934a453248311d880bcc2ea950773206d35ac8b859354,
3,p15-29-35.mp3,D:\彬的檔案\AlanEnglish 檔案\Workbook 1-5 最新MP3 (2026-09-28)\Workbook 3\p15-29-35.mp3,164.616,page_labeled,15,,0.5893,page_candidate,source filename contains page; content review remains required before production,no,Workbook_3_P15.mp3,render_single_page_after_content_review,ff84181b38433910785af5ab8721266c5a6513d7a1bcb84f68e0e99f1bc574f6,
3,p16-review-1-35.mp3,D:\彬的檔案\AlanEnglish 檔案\Workbook 1-5 最新MP3 (2026-09-28)\Workbook 3\p16-review-1-35.mp3,195.912,page_labeled_review,16,,0.4655,page_candidate,source filename contains page; content review remains required before production,no,Workbook_3_P16.mp3,render_single_page_after_content_review,d5d76f1cf9ba343ece9dba36b6cec4a0417180ee5cedb0f3d304ca6dddb4bf51,
3,p17-36-42.mp3,D:\彬的檔案\AlanEnglish 檔案\Workbook 1-5 最新MP3 (2026-09-28)\Workbook 3\p17-36-42.mp3,163.128,page_labeled,17,,0.6824,page_candidate,source filename contains page; content review remains required before production,no,Workbook_3_P17.mp3,render_single_page_after_content_review,ddd2b6784491e9399ab231fb542e77d71f75b0544a2e82d4926cc3c61becd1d2,
3,p20-43-49.mp3,D:\彬的檔案\AlanEnglish 檔案\Workbook 1-5 最新MP3 (2026-09-28)\Workbook 3\p20-43-49.mp3,199.248,page_labeled,20,,0.6596,page_candidate,source filename contains page; content review remains required before production,no,Workbook_3_P20.mp3,render_single_page_after_content_review,73609d5d40764a976bf45dbd429f7dce2c2be572566454b6f92af8986863c8e4,
3,p26-50-56.mp3,D:\彬的檔案\AlanEnglish 檔案\Workbook 1-5 最新MP3 (2026-09-28)\Workbook 3\p26-50-56.mp3,164.76,page_labeled,26,,0.6971,page_candidate,source filename contains page; content review remains required before production,no,Workbook_3_P26.mp3,render_single_page_after_content_review,305275d4eb9e093d980e9d7bf98fa4270152ab39782d7c41fe6c26eada2428fd,
3,p28-57-63.mp3,D:\彬的檔案\AlanEnglish 檔案\Workbook 1-5 最新MP3 (2026-09-28)\Workbook 3\p28-57-63.mp3,167.832,page_labeled,28,,0.6216,page_candidate,source filename contains page; content review remains required before production,no,Workbook_3_P28.mp3,render_single_page_after_content_review,9a9537d71bcb3f40c99e4cbf0c75c8167301655d228a63614a2c2d356b872262,
3,p30-64-70.mp3,D:\彬的檔案\AlanEnglish 檔案\Workbook 1-5 最新MP3 (2026-09-28)\Workbook 3\p30-64-70.mp3,170.232,page_labeled,30,,0.5894,page_candidate,source filename contains page; content review remains required before production,no,Workbook_3_P30.mp3,render_single_page_after_content_review,5f477cbd3970c9fe5ce9eeeb63ed7b5dfe4a99c4e70835092c684a8c281730b5,
3,p31-36-70.mp3,D:\彬的檔案\AlanEnglish 檔案\Workbook 1-5 最新MP3 (2026-09-28)\Workbook 3\p31-36-70.mp3,120.072,page_labeled,31,,0.3168,page_candidate,source filename contains page; content review remains required before production,no,Workbook_3_P31.mp3,render_single_page_after_content_review,e5882a5c43bc16e1603044dedfbd7fdfa15c6daea236ed43575d1cb9b15ec898,
3,p32-71-77.mp3,D:\彬的檔案\AlanEnglish 檔案\Workbook 1-5 最新MP3 (2026-09-28)\Workbook 3\p32-71-77.mp3,178.536,page_labeled,32,,0.2291,page_candidate,source filename contains page; content review remains required before production,no,Workbook_3_P32.mp3,render_single_page_after_content_review,a0fae15c7b56930f0e081a49c6c216b9a6e64ddb68a5343ca132e2e0990e8f9b,
3,p36-78-84.mp3,D:\彬的檔案\AlanEnglish 檔案\Workbook 1-5 最新MP3 (2026-09-28)\Workbook 3\p36-78-84.mp3,124.368,page_labeled,36,,0.5349,page_candidate,source filename contains page; content review remains required before production,no,Workbook_3_P36.mp3,render_single_page_after_content_review,9db8684de5a0d57c23b190e169da84a44c7439049a27ae446c16c5fd850bc946,
3,p38-85-91.mp3,D:\彬的檔案\AlanEnglish 檔案\Workbook 1-5 最新MP3 (2026-09-28)\Workbook 3\p38-85-91.mp3,145.488,page_labeled,38,,0.6788,page_candidate,source filename contains page; content review remains required before production,no,Workbook_3_P38.mp3,render_single_page_after_content_review,bc942fb30664c80694f21d130f1bef12f7acaf043e86c8a4cb12bb73479e989f,
3,p4-1-7 (1).mp3,D:\彬的檔案\AlanEnglish 檔案\Workbook 1-5 最新MP3 (2026-09-28)\Workbook 3\p4-1-7 (1).mp3,203.184,page_labeled,4,,0.4556,page_candidate,source filename contains page; content review remains required before production,no,Workbook_3_P4.mp3,render_single_page_after_content_review,66d80d1c00c771b3f1bb800ad99126ff13df9bf0ac03ddf7d2355222f9b296fb,
3,p40-92-98.mp3,D:\彬的檔案\AlanEnglish 檔案\Workbook 1-5 最新MP3 (2026-09-28)\Workbook 3\p40-92-98.mp3,117.168,page_labeled,40,,0.5429,page_candidate,source filename contains page; content review remains required before production,no,Workbook_3_P40.mp3,render_single_page_after_content_review,7f1d903c337e9f6a31ad39846af8d6dd0123743c7a720d1e9480345e3c0ba1a6,
3,p42.mp3,D:\彬的檔案\AlanEnglish 檔案\Workbook 1-5 最新MP3 (2026-09-28)\Workbook 3\p42.mp3,100.224,page_labeled,42,,0.6853,page_candidate,source filename contains page; content review remains required before production,no,Workbook_3_P42.mp3,render_single_page_after_content_review,0bbba0c397188db490499bda2dbdb51ddbb3a9af8de057386ad616bb591edd25,
3,p47-99-105.mp3,D:\彬的檔案\AlanEnglish 檔案\Workbook 1-5 最新MP3 (2026-09-28)\Workbook 3\p47-99-105.mp3,124.416,page_labeled,47,,0.0000,page_candidate,source filename contains page; content review remains required before production,no,Workbook_3_P47.mp3,render_single_page_after_content_review,2772e4a25bdb6e8c37791086f855ffbcafbeab588f037c2448c1242a648b9a85,
3,p48-71-105.mp3,D:\彬的檔案\AlanEnglish 檔案\Workbook 1-5 最新MP3 (2026-09-28)\Workbook 3\p48-71-105.mp3,101.136,page_labeled,48,,0.2792,page_candidate,source filename contains page; content review remains required before production,no,Workbook_3_P48.mp3,render_single_page_after_content_review,5857307ff607d29b5171e0aa668dea2cccfb4a8099a72f58d8cb358edbe06361,
3,p49-106-112.mp3,D:\彬的檔案\AlanEnglish 檔案\Workbook 1-5 最新MP3 (2026-09-28)\Workbook 3\p49-106-112.mp3,123.144,page_labeled,49,,0.5753,page_candidate,source filename contains page; content review remains required before production,no,Workbook_3_P49.mp3,render_single_page_after_content_review,fa8d45f24f081aec3aec1969c758637d7a1e2c112d4b437bac26445fd09c6bad,
3,p5-1-to-7.mp3,D:\彬的檔案\AlanEnglish 檔案\Workbook 1-5 最新MP3 (2026-09-28)\Workbook 3\p5-1-to-7.mp3,177.432,page_labeled,5,,0.6129,page_candidate,source filename contains page; content review remains required before production,no,Workbook_3_P5.mp3,render_single_page_after_content_review,75c69833b286a75a3e515aa0b33b32fd732251f9e8f97f81b287884fb6031841,
3,p55.mp3,D:\彬的檔案\AlanEnglish 檔案\Workbook 1-5 最新MP3 (2026-09-28)\Workbook 3\p55.mp3,179.352,page_labeled,55,,0.8333,page_candidate,source filename contains page; content review remains required before production,no,Workbook_3_P55.mp3,render_single_page_after_content_review,403fdecbaeb381b07c9eaa482594d8dda098393e67e1771ebf64a8bc06345291,
3,p56-113-119.mp3,D:\彬的檔案\AlanEnglish 檔案\Workbook 1-5 最新MP3 (2026-09-28)\Workbook 3\p56-113-119.mp3,143.52,page_labeled,56,,0.6300,page_candidate,source filename contains page; content review remains required before production,no,Workbook_3_P56.mp3,render_single_page_after_content_review,da3433507c1f5af66f847784bc58d9a6446a5dfb71e0eacbe6ff033ea6795ab2,
3,p59-120-126.mp3,D:\彬的檔案\AlanEnglish 檔案\Workbook 1-5 最新MP3 (2026-09-28)\Workbook 3\p59-120-126.mp3,139.992,page_labeled,59,,0.6178,page_candidate,source filename contains page; content review remains required before production,no,Workbook_3_P59.mp3,render_single_page_after_content_review,4281ea61010b0fc5928f49cfbe69c118e69daac72eae1244ad291d09a0c4e0db,
3,p61-127-133.mp3,D:\彬的檔案\AlanEnglish 檔案\Workbook 1-5 最新MP3 (2026-09-28)\Workbook 3\p61-127-133.mp3,199.656,page_labeled,61,,0.6544,page_candidate,source filename contains page; content review remains required before production,no,Workbook_3_P61.mp3,render_single_page_after_content_review,284a3cc7128bc4722e47a470abab53f6757fec8960517fb226a687eb9dad4aab,
3,p69.mp3,D:\彬的檔案\AlanEnglish 檔案\Workbook 1-5 最新MP3 (2026-09-28)\Workbook 3\p69.mp3,179.856,page_labeled,69,,0.9191,page_candidate,source filename contains page; content review remains required before production,no,Workbook_3_P69.mp3,render_single_page_after_content_review,513b35a9c7625de3f6bce759a9cb33a10e1e121736a689a02de6d957bb92e0e5,
3,p7-7-15.mp3,D:\彬的檔案\AlanEnglish 檔案\Workbook 1-5 最新MP3 (2026-09-28)\Workbook 3\p7-7-15.mp3,158.784,page_labeled,7,,0.0000,page_candidate,source filename contains page; content review remains required before production,no,Workbook_3_P7.mp3,render_single_page_after_content_review,22152c8d7091ed74f3b9915ec21f8677909ebb703ffea7188a83a968171d49b8,
3,p71-134-140.mp3,D:\彬的檔案\AlanEnglish 檔案\Workbook 1-5 最新MP3 (2026-09-28)\Workbook 3\p71-134-140.mp3,202.968,page_labeled,71,,0.8044,page_candidate,source filename contains page; content review remains required before production,no,Workbook_3_P71.mp3,render_single_page_after_content_review,a3a5dd1194a41b95d13fecf491d4a73eddef215e7f664334fccd664bd315ce5a,
3,p73-141-147.mp3,D:\彬的檔案\AlanEnglish 檔案\Workbook 1-5 最新MP3 (2026-09-28)\Workbook 3\p73-141-147.mp3,262.104,page_labeled,73,,0.6667,page_candidate,source filename contains page; content review remains required before production,no,Workbook_3_P73.mp3,render_single_page_after_content_review,8305b7120c2ab74e3bec1443101fccbcde60bceafe1e49708829e8ca20b166a0,
3,p77-148-154.mp3,D:\彬的檔案\AlanEnglish 檔案\Workbook 1-5 最新MP3 (2026-09-28)\Workbook 3\p77-148-154.mp3,189.336,page_labeled,77,,0.8111,page_candidate,source filename contains page; content review remains required before production,no,Workbook_3_P77.mp3,render_single_page_after_content_review,c8bd04e79e137c65c77afca5520d212f85ce3321362a2746256b5c5ae936e420,
3,p79-155-161.mp3,D:\彬的檔案\AlanEnglish 檔案\Workbook 1-5 最新MP3 (2026-09-28)\Workbook 3\p79-155-161.mp3,176.784,page_labeled,79,,0.7946,page_candidate,source filename contains page; content review remains required before production,no,Workbook_3_P79.mp3,render_single_page_after_content_review,1fcc27b75cb77fe0d718cd4045ba401f6f2b84bfdfb0262638ce04f3e3c59c0d,
3,p81-162-168.mp3,D:\彬的檔案\AlanEnglish 檔案\Workbook 1-5 最新MP3 (2026-09-28)\Workbook 3\p81-162-168.mp3,149.016,page_labeled,81,,0.7510,page_candidate,source filename contains page; content review remains required before production,no,Workbook_3_P81.mp3,render_single_page_after_content_review,c0d57454227088e5b45b294a5bb16826c7cb39e135dd71d1218fd5e49c238dd8,
3,p83-169-175.mp3,D:\彬的檔案\AlanEnglish 檔案\Workbook 1-5 最新MP3 (2026-09-28)\Workbook 3\p83-169-175.mp3,237.12,page_labeled,83,,0.4952,page_candidate,source filename contains page; content review remains required before production,no,Workbook_3_P83.mp3,render_single_page_after_content_review,a2d54a43842a6f703dfddf22b668eb10a3ebb7d61c0f1025ab51ffb74d9486ed,
3,p85-183-189.mp3,D:\彬的檔案\AlanEnglish 檔案\Workbook 1-5 最新MP3 (2026-09-28)\Workbook 3\p85-183-189.mp3,177.816,page_labeled,85,,0.8176,page_candidate,source filename contains page; content review remains required before production,no,Workbook_3_P85.mp3,render_single_page_after_content_review,536190127008b11996ccb7729da7ba7b3d742f2d8055a1f639291ed4096f4641,
3,p87-190-196.mp3,D:\彬的檔案\AlanEnglish 檔案\Workbook 1-5 最新MP3 (2026-09-28)\Workbook 3\p87-190-196.mp3,168.576,page_labeled,87,,0.7719,page_candidate,source filename contains page; content review remains required before production,no,Workbook_3_P87.mp3,render_single_page_after_content_review,ddd48e69cf1a17a8c5d5e221ee704007225a7d310f4f1d13605e333541991eeb,
3,p9-15-21.mp3,D:\彬的檔案\AlanEnglish 檔案\Workbook 1-5 最新MP3 (2026-09-28)\Workbook 3\p9-15-21.mp3,195.576,page_labeled,9,,0.7134,page_candidate,source filename contains page; content review remains required before production,no,Workbook_3_P9.mp3,render_single_page_after_content_review,8179fedb3a13ec1426fcc9e484bae5bce4081bca9b046af3360138501e81d88a,
3,p93-204-210.mp3,D:\彬的檔案\AlanEnglish 檔案\Workbook 1-5 最新MP3 (2026-09-28)\Workbook 3\p93-204-210.mp3,187.32,page_labeled,93,,0.8456,page_candidate,source filename contains page; content review remains required before production,no,Workbook_3_P93.mp3,render_single_page_after_content_review,9cdc9ba32b9a286eab4c1485305a60df9838e89c79b3432347ee6a06289ec9ea,
3,p95-211-217.mp3,D:\彬的檔案\AlanEnglish 檔案\Workbook 1-5 最新MP3 (2026-09-28)\Workbook 3\p95-211-217.mp3,163.416,page_labeled,95,,0.8173,page_candidate,source filename contains page; content review remains required before production,no,Workbook_3_P95.mp3,render_single_page_after_content_review,a439eb5c131e15dbc75abab5f4b43d05e8b23e456e57c3a778d0ee4e5c3e7b46,
3,p97-218-224.mp3,D:\彬的檔案\AlanEnglish 檔案\Workbook 1-5 最新MP3 (2026-09-28)\Workbook 3\p97-218-224.mp3,167.112,page_labeled,97,,0.8471,page_candidate,source filename contains page; content review remains required before production,no,Workbook_3_P97.mp3,render_single_page_after_content_review,13b37a799a5d440c3e3a0389c225100112dc3948e91aa9390f53903377d5355a,
3,p99-225-231.mp3,D:\彬的檔案\AlanEnglish 檔案\Workbook 1-5 最新MP3 (2026-09-28)\Workbook 3\p99-225-231.mp3,98.304,page_labeled,99,,0.5872,page_candidate,source filename contains page; content review remains required before production,no,Workbook_3_P99.mp3,render_single_page_after_content_review,1a098b90ad0106fcb66494acf0505f48dcd73874d2cb2679c66380319e5d95f6,
4,1-7.mp3,D:\彬的檔案\AlanEnglish 檔案\Workbook 1-5 最新MP3 (2026-09-28)\Workbook 4\1-7.mp3,92.088,question_range,9,Q1-Q7,0.6750,page_candidate,teacher PDF page content and latest transcript sequence,no,Workbook_4_P9.mp3,render_single_page_after_content_review,3c29b37d7c85eb3eef4591271983a1a5d1a787194704ee4ca65d80f43c644f57,
4,106-112.mp3,D:\彬的檔案\AlanEnglish 檔案\Workbook 1-5 最新MP3 (2026-09-28)\Workbook 4\106-112.mp3,172.608,question_range,52,Q106-Q112,0.8889,page_candidate,teacher PDF page content and latest transcript sequence,no,Workbook_4_P52.mp3,render_single_page_after_content_review,e75791012a53adb2550cfe68abf77db27d16dcafd16d8fd4c63456cf107d18d4,
4,113-119.mp3,D:\彬的檔案\AlanEnglish 檔案\Workbook 1-5 最新MP3 (2026-09-28)\Workbook 4\113-119.mp3,212.136,question_range,54,Q113-Q119,0.9080,page_candidate,teacher PDF page content and latest transcript sequence,no,Workbook_4_P54.mp3,render_single_page_after_content_review,91b4bcce957ab99216919b5c0e6ff640104d4dc3353a0cab5e552dbed3c5c153,
4,120-126.mp3,D:\彬的檔案\AlanEnglish 檔案\Workbook 1-5 最新MP3 (2026-09-28)\Workbook 4\120-126.mp3,172.608,question_range,59,Q120-Q126,0.9528,page_candidate,teacher PDF page content and latest transcript sequence,no,Workbook_4_P59.mp3,render_single_page_after_content_review,aa1ee0ea6b246391bbc579b1a0bbbe7e824b895c6f6d0df04c0b5011419d1d0f,
4,127-133.mp3,D:\彬的檔案\AlanEnglish 檔案\Workbook 1-5 最新MP3 (2026-09-28)\Workbook 4\127-133.mp3,149.616,question_range,61,Q127-Q133,0.8818,page_candidate,teacher PDF page content and latest transcript sequence,no,Workbook_4_P61.mp3,render_single_page_after_content_review,704ab4bff601255e7358bd27b286ee41958c5bcbec7ef7c4881b406ee2690f83,
4,134-140.mp3,D:\彬的檔案\AlanEnglish 檔案\Workbook 1-5 最新MP3 (2026-09-28)\Workbook 4\134-140.mp3,184.584,question_range,63,Q134-Q140,0.8110,page_candidate,teacher PDF page content and latest transcript sequence,no,Workbook_4_P63.mp3,render_single_page_after_content_review,2477a3adb66e2b91ae179aa009948c7a31845c78033d8139056cc551a4508505,
4,141-147.mp3,D:\彬的檔案\AlanEnglish 檔案\Workbook 1-5 最新MP3 (2026-09-28)\Workbook 4\141-147.mp3,127.128,question_range,64,Q141-Q147,0.8468,page_candidate,teacher PDF page content and latest transcript sequence,no,Workbook_4_P64.mp3,render_single_page_after_content_review,6c00c9be508fa7c83adbfc38a151e71e4f9e8ae17471ca785cc86a90d7fd34c4,
4,148-154.mp3,D:\彬的檔案\AlanEnglish 檔案\Workbook 1-5 最新MP3 (2026-09-28)\Workbook 4\148-154.mp3,125.592,question_range,71,Q148-Q154,0.7625,page_candidate,teacher PDF page content and latest transcript sequence,no,Workbook_4_P71.mp3,render_single_page_after_content_review,9c6e9ef74b5aa275819914e66f8dab09f80a1d0311c8237b0545baf7d23c77eb,
4,15-21.mp3,D:\彬的檔案\AlanEnglish 檔案\Workbook 1-5 最新MP3 (2026-09-28)\Workbook 4\15-21.mp3,79.08,question_range,15,Q15-Q21,0.6733,page_candidate,teacher PDF page content and latest transcript sequence,no,Workbook_4_P15.mp3,render_single_page_after_content_review,d1d9cb6523aefa02cc6e1d5a84b7db96a74cec15f5df24b0643a934ac7a58831,
4,155-161.mp3,D:\彬的檔案\AlanEnglish 檔案\Workbook 1-5 最新MP3 (2026-09-28)\Workbook 4\155-161.mp3,168.6,question_range,76,Q155-Q161,0.8872,page_candidate,teacher PDF page content and latest transcript sequence,no,Workbook_4_P76.mp3,render_single_page_after_content_review,404d616429be8d9de1930d233a1d97eb98a21779eeb3ab5ec017f94d7be780dd,
4,162-167.mp3,D:\彬的檔案\AlanEnglish 檔案\Workbook 1-5 最新MP3 (2026-09-28)\Workbook 4\162-167.mp3,124.632,question_range,80,Q162-Q167,0.7094,page_candidate,teacher PDF page content and latest transcript sequence,no,Workbook_4_P80.mp3,render_single_page_after_content_review,b75eff3ee03ed8eb326a5789b062f7621c560d02daebb2c1bb622c0df47f1a6f,
4,168-174.mp3,D:\彬的檔案\AlanEnglish 檔案\Workbook 1-5 最新MP3 (2026-09-28)\Workbook 4\168-174.mp3,124.608,question_range,81,Q168-Q174,0.8584,page_candidate,teacher PDF page content and latest transcript sequence,no,Workbook_4_P81.mp3,render_single_page_after_content_review,277cb380df8b5da4c8d3a92b82407dc9f674a24cc2352b098bf210526d734c5e,
4,175-181.mp3,D:\彬的檔案\AlanEnglish 檔案\Workbook 1-5 最新MP3 (2026-09-28)\Workbook 4\175-181.mp3,120.072,question_range,82,Q175-Q181,0.8714,page_candidate,teacher PDF page content and latest transcript sequence,no,Workbook_4_P82.mp3,render_single_page_after_content_review,016c55ff6df05fcfa025579e454942cdda1c79982900e387f89f81da73d2e26e,
4,182-188.mp3,D:\彬的檔案\AlanEnglish 檔案\Workbook 1-5 最新MP3 (2026-09-28)\Workbook 4\182-188.mp3,131.088,question_range,86,Q182-Q188,0.7860,page_candidate,teacher PDF page content and latest transcript sequence,no,Workbook_4_P86.mp3,render_single_page_after_content_review,e20877e10f3adb3d28801a8629859082807e98ed563054852312c031f000b6ae,
4,189-195.mp3,D:\彬的檔案\AlanEnglish 檔案\Workbook 1-5 最新MP3 (2026-09-28)\Workbook 4\189-195.mp3,131.544,question_range,89,Q189-Q195,0.9542,page_candidate,teacher PDF page content and latest transcript sequence,no,Workbook_4_P89.mp3,render_single_page_after_content_review,fce80fbc250da9f85560d5aa8edff152ce541d05fc5652eedd9f3da35fea58d9,
4,196-202.mp3,D:\彬的檔案\AlanEnglish 檔案\Workbook 1-5 最新MP3 (2026-09-28)\Workbook 4\196-202.mp3,181.08,question_range,91,Q196-Q202,0.9221,page_candidate,teacher PDF page content and latest transcript sequence,no,Workbook_4_P91.mp3,render_single_page_after_content_review,5d33f8471d666b74102d987741eaa1be5747efb29bc8392beb0e015f3610d3a5,
4,203-209.mp3,D:\彬的檔案\AlanEnglish 檔案\Workbook 1-5 最新MP3 (2026-09-28)\Workbook 4\203-209.mp3,207.12,question_range,93,Q203-Q209,0.6282,page_candidate,teacher PDF page content and latest transcript sequence,no,Workbook_4_P93.mp3,render_single_page_after_content_review,61cb93e7c055a0f0ac8712ec4faf383844805cc9efc852125eea315c3b721f27,
4,210-216.mp3,D:\彬的檔案\AlanEnglish 檔案\Workbook 1-5 最新MP3 (2026-09-28)\Workbook 4\210-216.mp3,108.576,question_range,95,Q210-Q216,0.6834,page_candidate,teacher PDF page content and latest transcript sequence,no,Workbook_4_P95.mp3,render_single_page_after_content_review,d74c0022b045f1de2117edd56547f79fe467bec7526c9ecd5737c9f6461927b9,
4,22-28.mp3,D:\彬的檔案\AlanEnglish 檔案\Workbook 1-5 最新MP3 (2026-09-28)\Workbook 4\22-28.mp3,96.048,question_range,17,Q22-Q28,0.7008,page_candidate,teacher PDF page content and latest transcript sequence,no,Workbook_4_P17.mp3,render_single_page_after_content_review,f831bac7e65bcd9fd280ffedead3ceec9c2e6d011f1f1c7bdd60a649bcb2bbf4,
4,29-35.mp3,D:\彬的檔案\AlanEnglish 檔案\Workbook 1-5 最新MP3 (2026-09-28)\Workbook 4\29-35.mp3,95.04,question_range,24,Q29-Q35,0.6920,page_candidate,teacher PDF page content and latest transcript sequence,no,Workbook_4_P24.mp3,render_single_page_after_content_review,28589fd05c2ee9b3e511fde7469cb8d47a72b9d0f449ffb85fcfe874aed56d40,
4,36-42.mp3,D:\彬的檔案\AlanEnglish 檔案\Workbook 1-5 最新MP3 (2026-09-28)\Workbook 4\36-42.mp3,94.056,question_range,26,Q36-Q42,0.8116,page_candidate,teacher PDF page content and latest transcript sequence,no,Workbook_4_P26.mp3,render_single_page_after_content_review,68c7cf51683ab299af2ba0d19fb3b3b570bc20db9e84b74e90b1c8a030198de3,
4,43-49.mp3,D:\彬的檔案\AlanEnglish 檔案\Workbook 1-5 最新MP3 (2026-09-28)\Workbook 4\43-49.mp3,106.032,question_range,28,Q43-Q49,0.7900,page_candidate,teacher PDF page content and latest transcript sequence,no,Workbook_4_P28.mp3,render_single_page_after_content_review,6e087f65305acaaf392c1780b1b01fa9edb8c0a34e47011a550b20f8d8d8b8dd,
4,50-56.mp3,D:\彬的檔案\AlanEnglish 檔案\Workbook 1-5 最新MP3 (2026-09-28)\Workbook 4\50-56.mp3,173.088,question_range,32,Q50-Q56,0.8260,page_candidate,teacher PDF page content and latest transcript sequence,no,Workbook_4_P32.mp3,render_single_page_after_content_review,97a7ffc75968e9dece728bd54c649d83eb7da1103b56bb19f814d7825acc2088,
4,57-63.mp3,D:\彬的檔案\AlanEnglish 檔案\Workbook 1-5 最新MP3 (2026-09-28)\Workbook 4\57-63.mp3,136.08,question_range,34,Q57-Q63,0.6992,page_candidate,teacher PDF page content and latest transcript sequence,no,Workbook_4_P34.mp3,render_single_page_after_content_review,7b7cb3c44a6078a840cd39551217636dd66f4040eb0bc8fa11c537428a51cd67,
4,64-70.mp3,D:\彬的檔案\AlanEnglish 檔案\Workbook 1-5 最新MP3 (2026-09-28)\Workbook 4\64-70.mp3,175.632,question_range,36,Q64-Q70,0.8019,page_candidate,teacher PDF page content and latest transcript sequence,no,Workbook_4_P36.mp3,render_single_page_after_content_review,2d89d2c7da82cac1c496da866b41b4e24c8229db193c26b37acd310311f8dfa0,
4,71-77.mp3,D:\彬的檔案\AlanEnglish 檔案\Workbook 1-5 最新MP3 (2026-09-28)\Workbook 4\71-77.mp3,96.024,question_range,38,Q71-Q77,0.6805,page_candidate,teacher PDF page content and latest transcript sequence,no,Workbook_4_P38.mp3,render_single_page_after_content_review,be56f2aab0ab111128932793d3cfcf8655a317adb9f78c16b18bfd67a2aec0fb,
4,78-84.mp3,D:\彬的檔案\AlanEnglish 檔案\Workbook 1-5 最新MP3 (2026-09-28)\Workbook 4\78-84.mp3,145.128,question_range,40,Q78-Q84,0.7649,page_candidate,teacher PDF page content and latest transcript sequence,no,Workbook_4_P40.mp3,render_single_page_after_content_review,96427f9c63e82413aeafd850ce57eae292f29c98bbf0c560aad0664029b65752,
4,8-14.mp3,D:\彬的檔案\AlanEnglish 檔案\Workbook 1-5 最新MP3 (2026-09-28)\Workbook 4\8-14.mp3,82.056,question_range,13,Q8-Q14,0.4648,page_candidate,teacher PDF page content and latest transcript sequence,no,Workbook_4_P13.mp3,render_single_page_after_content_review,3a18100de0231ba24d7f09325a42df9caf4978a63a988ed8c962e53321074052,
4,85-91.mp3,D:\彬的檔案\AlanEnglish 檔案\Workbook 1-5 最新MP3 (2026-09-28)\Workbook 4\85-91.mp3,208.608,question_range,46,Q85-Q91,0.9244,page_candidate,teacher PDF page content and latest transcript sequence,no,Workbook_4_P46.mp3,render_single_page_after_content_review,28f53ecea60d3fe713a631e826325f15d3aed29822a92ee2e8fe3a96c4e1b57f,
4,92-98.mp3,D:\彬的檔案\AlanEnglish 檔案\Workbook 1-5 最新MP3 (2026-09-28)\Workbook 4\92-98.mp3,163.104,question_range,48,Q92-Q98,0.8201,page_candidate,teacher PDF page content and latest transcript sequence,no,Workbook_4_P48.mp3,render_single_page_after_content_review,eb6b5060b38bf10d478c44c4f033e79866791a15bbf9da7be4ea67608a33f6b8,
4,99-105.mp3,D:\彬的檔案\AlanEnglish 檔案\Workbook 1-5 最新MP3 (2026-09-28)\Workbook 4\99-105.mp3,120.072,question_range,50,Q99-Q105,0.5414,page_candidate,teacher PDF page content and latest transcript sequence,no,Workbook_4_P50.mp3,render_single_page_after_content_review,8793d0f11623fe89063d1b5802f6979ff29b462083d69fb125e32a596ad4a1f6,
5,1-7.mp3,D:\彬的檔案\AlanEnglish 檔案\Workbook 1-5 最新MP3 (2026-09-28)\Workbook 5\1-7.mp3,117.6,question_range,2,Q1-Q7,0.8438,page_candidate,teacher PDF page content and latest transcript sequence,no,Workbook_5_P2.mp3,render_single_page_after_content_review,eeeaf55ff740249773a2d4c70d6bd122e97445a91874ba20ae04a96096a07f3d,
5,106-112.mp3,D:\彬的檔案\AlanEnglish 檔案\Workbook 1-5 最新MP3 (2026-09-28)\Workbook 5\106-112.mp3,105.888,question_range,58,Q106-Q112,0.8483,page_candidate,teacher PDF page content and latest transcript sequence,no,Workbook_5_P58.mp3,render_single_page_after_content_review,593351174aad107b34024b9c35954a1883260f7d7b18099c529a5797a42c7d04,
5,113-119.mp3,D:\彬的檔案\AlanEnglish 檔案\Workbook 1-5 最新MP3 (2026-09-28)\Workbook 5\113-119.mp3,143.28,question_range,60,Q113-Q119,0.6544,page_candidate,teacher PDF page content and latest transcript sequence,no,Workbook_5_P60.mp3,render_single_page_after_content_review,5bfef2cdd5bc90cd70cf78a7c135cf6e910055add0a9cf8a9b7dde2c836b6fcb,
5,120-126.mp3,D:\彬的檔案\AlanEnglish 檔案\Workbook 1-5 最新MP3 (2026-09-28)\Workbook 5\120-126.mp3,109.296,question_range,62,Q120-Q126,0.8182,page_candidate,teacher PDF page content and latest transcript sequence,no,Workbook_5_P62.mp3,render_single_page_after_content_review,efb56113d02e03af3b473e2987ef50ab7f8a1ca7aaf941d7be2f13f1499919b4,
5,127-133.mp3,D:\彬的檔案\AlanEnglish 檔案\Workbook 1-5 最新MP3 (2026-09-28)\Workbook 5\127-133.mp3,110.424,question_range,64,Q127-Q133,0.7175,page_candidate,teacher PDF page content and latest transcript sequence,no,Workbook_5_P64.mp3,render_single_page_after_content_review,d2d9cebc9c5faf906db15d2adbef05b3136902c62fbd4ab8d144314ba32655e6,
5,134-140.mp3,D:\彬的檔案\AlanEnglish 檔案\Workbook 1-5 最新MP3 (2026-09-28)\Workbook 5\134-140.mp3,189.384,question_range,69,Q134-Q140,0.9347,page_candidate,teacher PDF page content and latest transcript sequence,no,Workbook_5_P69.mp3,render_single_page_after_content_review,b4863da8d17cbe655958058b5cbf833d0bb26fb5326a926625d6c92e2b24eaf8,
5,141-147.mp3,D:\彬的檔案\AlanEnglish 檔案\Workbook 1-5 最新MP3 (2026-09-28)\Workbook 5\141-147.mp3,120.792,question_range,72,Q141-Q147,0.9913,page_candidate,teacher PDF page content and latest transcript sequence,no,Workbook_5_P72.mp3,render_single_page_after_content_review,a68ad062ada0b439acb011f48c9f3ee28c2e4aeaf66f2f28cc585d768f87e243,
5,148-154.mp3,D:\彬的檔案\AlanEnglish 檔案\Workbook 1-5 最新MP3 (2026-09-28)\Workbook 5\148-154.mp3,158.352,question_range,74,Q148-Q154,0.8773,page_candidate,teacher PDF page content and latest transcript sequence,no,Workbook_5_P74.mp3,render_single_page_after_content_review,907e006f10d0831604633d285b7b89a439802de81a2f6b1e05e783fccab89a76,
5,15-21.mp3,D:\彬的檔案\AlanEnglish 檔案\Workbook 1-5 最新MP3 (2026-09-28)\Workbook 5\15-21.mp3,102.552,question_range,6,Q15-Q21,0.9257,page_candidate,teacher PDF page content and latest transcript sequence,no,Workbook_5_P6.mp3,render_single_page_after_content_review,a8a3aed930526c94f7f1d017a6e55e5324b6a91aebc5b4e891daee216dccab43,
5,155-164.mp3,D:\彬的檔案\AlanEnglish 檔案\Workbook 1-5 最新MP3 (2026-09-28)\Workbook 5\155-164.mp3,207.768,question_range,82,Q155-Q164,0.7557,page_candidate,teacher PDF page content and latest transcript sequence,no,Workbook_5_P82.mp3,render_single_page_after_content_review,5fc6011339b3e1b986e82722ca9f9708cd4f21f09e864ac7f25940932e0eeaef,
5,165-170.mp3,D:\彬的檔案\AlanEnglish 檔案\Workbook 1-5 最新MP3 (2026-09-28)\Workbook 5\165-170.mp3,118.32,question_range,83,Q165-Q170,0.8240,page_candidate,teacher PDF page content and latest transcript sequence,no,Workbook_5_P83.mp3,render_single_page_after_content_review,e5a88a7f8166b9c42c158db4ef565ea43b9198d8aaa797163997c16b3a642cbf,
5,172-178.mp3,D:\彬的檔案\AlanEnglish 檔案\Workbook 1-5 最新MP3 (2026-09-28)\Workbook 5\172-178.mp3,166.344,question_range,84,Q172-Q178,0.8551,page_candidate,teacher PDF page content and latest transcript sequence,no,Workbook_5_P84.mp3,render_single_page_after_content_review,de34eb967d5c2e1680d2e14db79e372ce008179bbadc1c050d96a22d2bc8b714,
5,22-28.mp3,D:\彬的檔案\AlanEnglish 檔案\Workbook 1-5 最新MP3 (2026-09-28)\Workbook 5\22-28.mp3,130.08,question_range,8,Q22-Q28,0.8789,page_candidate,teacher PDF page content and latest transcript sequence,no,Workbook_5_P8.mp3,render_single_page_after_content_review,564672aa2a26e9e17fae6f7375695dabedd2ca61d402ec5dcd76931d2c7240cf,
5,29-35.mp3,D:\彬的檔案\AlanEnglish 檔案\Workbook 1-5 最新MP3 (2026-09-28)\Workbook 5\29-35.mp3,116.088,question_range,13,Q29-Q35,0.8828,page_candidate,teacher PDF page content and latest transcript sequence,no,Workbook_5_P13.mp3,render_single_page_after_content_review,4dc56a818c96ead8dbff1f09023e257016528168cf5092a3e398e387c5f0e035,
5,36-42.mp3,D:\彬的檔案\AlanEnglish 檔案\Workbook 1-5 最新MP3 (2026-09-28)\Workbook 5\36-42.mp3,140.568,question_range,15,Q36-Q42,0.9556,page_candidate,teacher PDF page content and latest transcript sequence,no,Workbook_5_P15.mp3,render_single_page_after_content_review,098f8712d32480285ea4e8f5750b4674fed09f12973c47d8e0dc15d148d11fb9,
5,43-49.mp3,D:\彬的檔案\AlanEnglish 檔案\Workbook 1-5 最新MP3 (2026-09-28)\Workbook 5\43-49.mp3,117.096,question_range,26,Q43-Q49,0.9231,page_candidate,teacher PDF page content and latest transcript sequence,no,Workbook_5_P26.mp3,render_single_page_after_content_review,4f1c5254763f3fc3bff50e5685d663e1886aaa5caa9e3d19658fdd79721b3d4d,
5,50-56 .mp3,D:\彬的檔案\AlanEnglish 檔案\Workbook 1-5 最新MP3 (2026-09-28)\Workbook 5\50-56 .mp3,137.544,question_range,27,Q50-Q56,0.8288,page_candidate,teacher PDF page content and latest transcript sequence,no,Workbook_5_P27.mp3,render_single_page_after_content_review,643eb147a0e9542ffe4ece9101105a4da07dfb938cabd974c833b0d5fa3b7f9b,
5,57-63.mp3,D:\彬的檔案\AlanEnglish 檔案\Workbook 1-5 最新MP3 (2026-09-28)\Workbook 5\57-63.mp3,178.584,question_range,30,Q57-Q63,0.9341,page_candidate,teacher PDF page content and latest transcript sequence,no,Workbook_5_P30.mp3,render_single_page_after_content_review,97002d199268e7e0acd18ccf38788ef113e1808cc1ef2b67fb12f5bbe6bfd998,
5,64-70.mp3,D:\彬的檔案\AlanEnglish 檔案\Workbook 1-5 最新MP3 (2026-09-28)\Workbook 5\64-70.mp3,136.104,question_range,35,Q64-Q70,0.9632,page_candidate,teacher PDF page content and latest transcript sequence,no,Workbook_5_P35.mp3,render_single_page_after_content_review,c672e07c70c6f2c5870dc503d85ba64c6149bb70bf07f3e382f5d1791144478f,
5,71-77.mp3,D:\彬的檔案\AlanEnglish 檔案\Workbook 1-5 最新MP3 (2026-09-28)\Workbook 5\71-77.mp3,135.6,question_range,36,Q71-Q77,0.8240,page_candidate,teacher PDF page content and latest transcript sequence,no,Workbook_5_P36.mp3,render_single_page_after_content_review,e5b621a6819757e35c5141075079bc393f22e3972a288d652566b49294765649,
5,78-84.mp3,D:\彬的檔案\AlanEnglish 檔案\Workbook 1-5 最新MP3 (2026-09-28)\Workbook 5\78-84.mp3,142.584,question_range,38,Q78-Q84,0.8327,page_candidate,teacher PDF page content and latest transcript sequence,no,Workbook_5_P38.mp3,render_single_page_after_content_review,f9d5c4ce8b5652ee5f7dcc8c42e929c999e5216bf0e180c396938863f3af905e,
5,8-14.mp3,D:\彬的檔案\AlanEnglish 檔案\Workbook 1-5 最新MP3 (2026-09-28)\Workbook 5\8-14.mp3,152.088,question_range,4,Q8-Q14,0.7678,page_candidate,teacher PDF page content and latest transcript sequence,no,Workbook_5_P4.mp3,render_single_page_after_content_review,52afb783de14084fecd321fa27acf58d49cc8dd976e4a391d095d66d4799ca18,
5,85-91.mp3,D:\彬的檔案\AlanEnglish 檔案\Workbook 1-5 最新MP3 (2026-09-28)\Workbook 5\85-91.mp3,154.104,question_range,42,Q85-Q91,0.9871,page_candidate,teacher PDF page content and latest transcript sequence,no,Workbook_5_P42.mp3,render_single_page_after_content_review,5c4dfe320068b85b899e2b32c6fa819b8c1f0d5ba9291793a31fcc97a23ffc8a,
5,92-98.mp3,D:\彬的檔案\AlanEnglish 檔案\Workbook 1-5 最新MP3 (2026-09-28)\Workbook 5\92-98.mp3,205.08,question_range,43,Q92-Q98,0.6724,page_candidate,teacher PDF page content and latest transcript sequence,no,Workbook_5_P43.mp3,render_single_page_after_content_review,7797f7586dd4649bf186a258e703e465f890f5e5e60409f43346ad4da23adf2f,
5,99-105.mp3,D:\彬的檔案\AlanEnglish 檔案\Workbook 1-5 最新MP3 (2026-09-28)\Workbook 5\99-105.mp3,131.448,question_range,47,Q99-Q105,0.8718,page_candidate,teacher PDF page content and latest transcript sequence,no,Workbook_5_P47.mp3,render_single_page_after_content_review,6d61023591518892e420601da7b0000e4625d14f2acd09bfcb6e70f809c036bb,
