workbook,page,status,latest_page_candidate,current_main_page_reference,required_action
1,2,latest_only,yes,no,create_new_page_track_after_approval
1,11,latest_only,yes,no,create_new_page_track_after_approval
1,21,latest_only,yes,no,create_new_page_track_after_approval
1,22,overlap,yes,yes,compare_and_replace_only_after_approval
1,23,current_only,no,yes,keep_current_until_obsolete_status_confirmed
1,24,current_only,no,yes,keep_current_until_obsolete_status_confirmed
1,26,latest_only,yes,no,create_new_page_track_after_approval
1,27,overlap,yes,yes,compare_and_replace_only_after_approval
1,28,overlap,yes,yes,compare_and_replace_only_after_approval
1,30,overlap,yes,yes,compare_and_replace_only_after_approval
1,32,overlap,yes,yes,compare_and_replace_only_after_approval
1,34,current_only,no,yes,keep_current_until_obsolete_status_confirmed
1,35,overlap,yes,yes,compare_and_replace_only_after_approval
1,40,overlap,yes,yes,compare_and_replace_only_after_approval
1,42,overlap,yes,yes,compare_and_replace_only_after_approval
1,43,current_only,no,yes,keep_current_until_obsolete_status_confirmed
1,44,latest_only,yes,no,create_new_page_track_after_approval
1,47,overlap,yes,yes,compare_and_replace_only_after_approval
1,48,overlap,yes,yes,compare_and_replace_only_after_approval
1,49,overlap,yes,yes,compare_and_replace_only_after_approval
1,50,overlap,yes,yes,compare_and_replace_only_after_approval
1,51,current_only,no,yes,keep_current_until_obsolete_status_confirmed
1,53,current_only,no,yes,keep_current_until_obsolete_status_confirmed
1,55,current_only,no,yes,keep_current_until_obsolete_status_confirmed
1,57,current_only,no,yes,keep_current_until_obsolete_status_confirmed
1,59,current_only,no,yes,keep_current_until_obsolete_status_confirmed
1,60,overlap,yes,yes,compare_and_replace_only_after_approval
1,64,current_only,no,yes,keep_current_until_obsolete_status_confirmed
1,66,current_only,no,yes,keep_current_until_obsolete_status_confirmed
1,70,overlap,yes,yes,compare_and_replace_only_after_approval
1,71,overlap,yes,yes,compare_and_replace_only_after_approval
1,73,overlap,yes,yes,compare_and_replace_only_after_approval
1,75,overlap,yes,yes,compare_and_replace_only_after_approval
1,78,overlap,yes,yes,compare_and_replace_only_after_approval
1,79,latest_only,yes,no,create_new_page_track_after_approval
1,80,overlap,yes,yes,compare_and_replace_only_after_approval
1,82,latest_only,yes,no,create_new_page_track_after_approval
1,84,latest_only,yes,no,create_new_page_track_after_approval
1,87,current_only,no,yes,keep_current_until_obsolete_status_confirmed
1,89,current_only,no,yes,keep_current_until_obsolete_status_confirmed
1,90,overlap,yes,yes,compare_and_replace_only_after_approval
1,92,overlap,yes,yes,compare_and_replace_only_after_approval
1,94,overlap,yes,yes,compare_and_replace_only_after_approval
1,96,overlap,yes,yes,compare_and_replace_only_after_approval
1,99,latest_only,yes,no,create_new_page_track_after_approval
1,100,overlap,yes,yes,compare_and_replace_only_after_approval
1,101,latest_only,yes,no,create_new_page_track_after_approval
1,102,latest_only,yes,no,create_new_page_track_after_approval
1,104,overlap,yes,yes,compare_and_replace_only_after_approval
1,105,overlap,yes,yes,compare_and_replace_only_after_approval
1,106,overlap,yes,yes,compare_and_replace_only_after_approval
1,108,overlap,yes,yes,compare_and_replace_only_after_approval
1,109,overlap,yes,yes,compare_and_replace_only_after_approval
1,111,overlap,yes,yes,compare_and_replace_only_after_approval
1,112,overlap,yes,yes,compare_and_replace_only_after_approval
1,114,overlap,yes,yes,compare_and_replace_only_after_approval
2,4,overlap,yes,yes,compare_and_replace_only_after_approval
2,6,overlap,yes,yes,compare_and_replace_only_after_approval
2,8,overlap,yes,yes,compare_and_replace_only_after_approval
2,10,overlap,yes,yes,compare_and_replace_only_after_approval
2,12,latest_only,yes,no,create_new_page_track_after_approval
2,14,overlap,yes,yes,compare_and_replace_only_after_approval
2,16,overlap,yes,yes,compare_and_replace_only_after_approval
2,18,overlap,yes,yes,compare_and_replace_only_after_approval
2,20,current_only,no,yes,keep_current_until_obsolete_status_confirmed
2,21,current_only,no,yes,keep_current_until_obsolete_status_confirmed
2,22,overlap,yes,yes,compare_and_replace_only_after_approval
2,24,current_only,no,yes,keep_current_until_obsolete_status_confirmed
2,26,overlap,yes,yes,compare_and_replace_only_after_approval
2,28,overlap,yes,yes,compare_and_replace_only_after_approval
2,30,overlap,yes,yes,compare_and_replace_only_after_approval
2,31,current_only,no,yes,keep_current_until_obsolete_status_confirmed
2,32,overlap,yes,yes,compare_and_replace_only_after_approval
2,34,overlap,yes,yes,compare_and_replace_only_after_approval
2,36,overlap,yes,yes,compare_and_replace_only_after_approval
2,38,overlap,yes,yes,compare_and_replace_only_after_approval
2,40,overlap,yes,yes,compare_and_replace_only_after_approval
2,42,current_only,no,yes,keep_current_until_obsolete_status_confirmed
2,43,overlap,yes,yes,compare_and_replace_only_after_approval
2,44,overlap,yes,yes,compare_and_replace_only_after_approval
2,46,overlap,yes,yes,compare_and_replace_only_after_approval
2,48,overlap,yes,yes,compare_and_replace_only_after_approval
2,50,overlap,yes,yes,compare_and_replace_only_after_approval
2,52,overlap,yes,yes,compare_and_replace_only_after_approval
2,53,overlap,yes,yes,compare_and_replace_only_after_approval
2,54,overlap,yes,yes,compare_and_replace_only_after_approval
2,56,overlap,yes,yes,compare_and_replace_only_after_approval
2,58,overlap,yes,yes,compare_and_replace_only_after_approval
2,60,overlap,yes,yes,compare_and_replace_only_after_approval
2,62,overlap,yes,yes,compare_and_replace_only_after_approval
2,64,overlap,yes,yes,compare_and_replace_only_after_approval
2,65,overlap,yes,yes,compare_and_replace_only_after_approval
2,66,current_only,no,yes,keep_current_until_obsolete_status_confirmed
2,68,current_only,no,yes,keep_current_until_obsolete_status_confirmed
2,69,current_only,no,yes,keep_current_until_obsolete_status_confirmed
2,70,overlap,yes,yes,compare_and_replace_only_after_approval
2,72,overlap,yes,yes,compare_and_replace_only_after_approval
2,74,current_only,no,yes,keep_current_until_obsolete_status_confirmed
2,76,overlap,yes,yes,compare_and_replace_only_after_approval
2,78,overlap,yes,yes,compare_and_replace_only_after_approval
2,80,overlap,yes,yes,compare_and_replace_only_after_approval
2,82,overlap,yes,yes,compare_and_replace_only_after_approval
2,84,overlap,yes,yes,compare_and_replace_only_after_approval
2,86,overlap,yes,yes,compare_and_replace_only_after_approval
2,88,current_only,no,yes,keep_current_until_obsolete_status_confirmed
2,90,current_only,no,yes,keep_current_until_obsolete_status_confirmed
2,92,overlap,yes,yes,compare_and_replace_only_after_approval
2,93,overlap,yes,yes,compare_and_replace_only_after_approval
2,94,overlap,yes,yes,compare_and_replace_only_after_approval
2,96,overlap,yes,yes,compare_and_replace_only_after_approval
2,98,overlap,yes,yes,compare_and_replace_only_after_approval
2,100,current_only,no,yes,keep_current_until_obsolete_status_confirmed
2,102,current_only,no,yes,keep_current_until_obsolete_status_confirmed
2,103,current_only,no,yes,keep_current_until_obsolete_status_confirmed
2,104,overlap,yes,yes,compare_and_replace_only_after_approval
2,106,overlap,yes,yes,compare_and_replace_only_after_approval
2,108,overlap,yes,yes,compare_and_replace_only_after_approval
2,110,overlap,yes,yes,compare_and_replace_only_after_approval
2,112,current_only,no,yes,keep_current_until_obsolete_status_confirmed
2,114,current_only,no,yes,keep_current_until_obsolete_status_confirmed
2,115,current_only,no,yes,keep_current_until_obsolete_status_confirmed
3,4,overlap,yes,yes,compare_and_replace_only_after_approval
3,5,overlap,yes,yes,compare_and_replace_only_after_approval
3,6,current_only,no,yes,keep_current_until_obsolete_status_confirmed
3,7,latest_only,yes,no,create_new_page_track_after_approval
3,9,overlap,yes,yes,compare_and_replace_only_after_approval
3,11,overlap,yes,yes,compare_and_replace_only_after_approval
3,15,overlap,yes,yes,compare_and_replace_only_after_approval
3,16,latest_only,yes,no,create_new_page_track_after_approval
3,17,overlap,yes,yes,compare_and_replace_only_after_approval
3,20,overlap,yes,yes,compare_and_replace_only_after_approval
3,22,current_only,no,yes,keep_current_until_obsolete_status_confirmed
3,23,current_only,no,yes,keep_current_until_obsolete_status_confirmed
3,26,overlap,yes,yes,compare_and_replace_only_after_approval
3,28,overlap,yes,yes,compare_and_replace_only_after_approval
3,30,overlap,yes,yes,compare_and_replace_only_after_approval
3,31,latest_only,yes,no,create_new_page_track_after_approval
3,32,overlap,yes,yes,compare_and_replace_only_after_approval
3,36,overlap,yes,yes,compare_and_replace_only_after_approval
3,38,overlap,yes,yes,compare_and_replace_only_after_approval
3,40,overlap,yes,yes,compare_and_replace_only_after_approval
3,42,overlap,yes,yes,compare_and_replace_only_after_approval
3,43,current_only,no,yes,keep_current_until_obsolete_status_confirmed
3,46,current_only,no,yes,keep_current_until_obsolete_status_confirmed
3,47,latest_only,yes,no,create_new_page_track_after_approval
3,48,overlap,yes,yes,compare_and_replace_only_after_approval
3,49,overlap,yes,yes,compare_and_replace_only_after_approval
3,51,current_only,no,yes,keep_current_until_obsolete_status_confirmed
3,52,current_only,no,yes,keep_current_until_obsolete_status_confirmed
3,53,current_only,no,yes,keep_current_until_obsolete_status_confirmed
3,54,current_only,no,yes,keep_current_until_obsolete_status_confirmed
3,55,overlap,yes,yes,compare_and_replace_only_after_approval
3,56,overlap,yes,yes,compare_and_replace_only_after_approval
3,59,overlap,yes,yes,compare_and_replace_only_after_approval
3,61,overlap,yes,yes,compare_and_replace_only_after_approval
3,63,current_only,no,yes,keep_current_until_obsolete_status_confirmed
3,67,current_only,no,yes,keep_current_until_obsolete_status_confirmed
3,69,overlap,yes,yes,compare_and_replace_only_after_approval
3,71,overlap,yes,yes,compare_and_replace_only_after_approval
3,73,overlap,yes,yes,compare_and_replace_only_after_approval
3,77,overlap,yes,yes,compare_and_replace_only_after_approval
3,79,overlap,yes,yes,compare_and_replace_only_after_approval
3,81,overlap,yes,yes,compare_and_replace_only_after_approval
3,83,overlap,yes,yes,compare_and_replace_only_after_approval
3,84,current_only,no,yes,keep_current_until_obsolete_status_confirmed
3,85,overlap,yes,yes,compare_and_replace_only_after_approval
3,87,overlap,yes,yes,compare_and_replace_only_after_approval
3,91,current_only,no,yes,keep_current_until_obsolete_status_confirmed
3,93,overlap,yes,yes,compare_and_replace_only_after_approval
3,95,overlap,yes,yes,compare_and_replace_only_after_approval
3,97,overlap,yes,yes,compare_and_replace_only_after_approval
3,99,overlap,yes,yes,compare_and_replace_only_after_approval
3,100,overlap,yes,yes,compare_and_replace_only_after_approval
3,101,overlap,yes,yes,compare_and_replace_only_after_approval
3,105,current_only,no,yes,keep_current_until_obsolete_status_confirmed
3,106,current_only,no,yes,keep_current_until_obsolete_status_confirmed
4,8,current_only,no,yes,keep_current_until_obsolete_status_confirmed
4,9,overlap,yes,yes,compare_and_replace_only_after_approval
4,13,overlap,yes,yes,compare_and_replace_only_after_approval
4,15,overlap,yes,yes,compare_and_replace_only_after_approval
4,17,overlap,yes,yes,compare_and_replace_only_after_approval
4,19,current_only,no,yes,keep_current_until_obsolete_status_confirmed
4,20,current_only,no,yes,keep_current_until_obsolete_status_confirmed
4,21,current_only,no,yes,keep_current_until_obsolete_status_confirmed
4,24,overlap,yes,yes,compare_and_replace_only_after_approval
4,26,overlap,yes,yes,compare_and_replace_only_after_approval
4,28,overlap,yes,yes,compare_and_replace_only_after_approval
4,30,current_only,no,yes,keep_current_until_obsolete_status_confirmed
4,32,overlap,yes,yes,compare_and_replace_only_after_approval
4,34,overlap,yes,yes,compare_and_replace_only_after_approval
4,36,overlap,yes,yes,compare_and_replace_only_after_approval
4,38,overlap,yes,yes,compare_and_replace_only_after_approval
4,40,overlap,yes,yes,compare_and_replace_only_after_approval
4,46,overlap,yes,yes,compare_and_replace_only_after_approval
4,48,overlap,yes,yes,compare_and_replace_only_after_approval
4,50,overlap,yes,yes,compare_and_replace_only_after_approval
4,52,overlap,yes,yes,compare_and_replace_only_after_approval
4,54,overlap,yes,yes,compare_and_replace_only_after_approval
4,59,overlap,yes,yes,compare_and_replace_only_after_approval
4,61,overlap,yes,yes,compare_and_replace_only_after_approval
4,63,overlap,yes,yes,compare_and_replace_only_after_approval
4,64,overlap,yes,yes,compare_and_replace_only_after_approval
4,71,overlap,yes,yes,compare_and_replace_only_after_approval
4,76,overlap,yes,yes,compare_and_replace_only_after_approval
4,80,overlap,yes,yes,compare_and_replace_only_after_approval
4,81,overlap,yes,yes,compare_and_replace_only_after_approval
4,82,overlap,yes,yes,compare_and_replace_only_after_approval
4,86,overlap,yes,yes,compare_and_replace_only_after_approval
4,89,overlap,yes,yes,compare_and_replace_only_after_approval
4,91,overlap,yes,yes,compare_and_replace_only_after_approval
4,93,overlap,yes,yes,compare_and_replace_only_after_approval
4,95,overlap,yes,yes,compare_and_replace_only_after_approval
5,2,overlap,yes,yes,compare_and_replace_only_after_approval
5,4,overlap,yes,yes,compare_and_replace_only_after_approval
5,6,overlap,yes,yes,compare_and_replace_only_after_approval
5,8,overlap,yes,yes,compare_and_replace_only_after_approval
5,13,overlap,yes,yes,compare_and_replace_only_after_approval
5,15,overlap,yes,yes,compare_and_replace_only_after_approval
5,26,overlap,yes,yes,compare_and_replace_only_after_approval
5,27,overlap,yes,yes,compare_and_replace_only_after_approval
5,30,overlap,yes,yes,compare_and_replace_only_after_approval
5,35,overlap,yes,yes,compare_and_replace_only_after_approval
5,36,overlap,yes,yes,compare_and_replace_only_after_approval
5,38,overlap,yes,yes,compare_and_replace_only_after_approval
5,42,overlap,yes,yes,compare_and_replace_only_after_approval
5,43,overlap,yes,yes,compare_and_replace_only_after_approval
5,47,overlap,yes,yes,compare_and_replace_only_after_approval
5,58,overlap,yes,yes,compare_and_replace_only_after_approval
5,60,overlap,yes,yes,compare_and_replace_only_after_approval
5,62,overlap,yes,yes,compare_and_replace_only_after_approval
5,64,overlap,yes,yes,compare_and_replace_only_after_approval
5,69,overlap,yes,yes,compare_and_replace_only_after_approval
5,72,overlap,yes,yes,compare_and_replace_only_after_approval
5,74,overlap,yes,yes,compare_and_replace_only_after_approval
5,81,current_only,no,yes,keep_current_until_obsolete_status_confirmed
5,82,overlap,yes,yes,compare_and_replace_only_after_approval
5,83,overlap,yes,yes,compare_and_replace_only_after_approval
5,84,overlap,yes,yes,compare_and_replace_only_after_approval
5,85,current_only,no,yes,keep_current_until_obsolete_status_confirmed
5,86,current_only,no,yes,keep_current_until_obsolete_status_confirmed
5,88,current_only,no,yes,keep_current_until_obsolete_status_confirmed
5,89,current_only,no,yes,keep_current_until_obsolete_status_confirmed
5,91,current_only,no,yes,keep_current_until_obsolete_status_confirmed
5,93,current_only,no,yes,keep_current_until_obsolete_status_confirmed
5,95,current_only,no,yes,keep_current_until_obsolete_status_confirmed
5,97,current_only,no,yes,keep_current_until_obsolete_status_confirmed
5,99,current_only,no,yes,keep_current_until_obsolete_status_confirmed
